annee,boite,carrosserie,cote,energie,gouvernorat,image,kilometrage,lien,page,prix,puissance,titre,transmission,vendeur
2012,Automatique,,Prix élevé,Essence,Tunis,https://catalogue.automobile.tn/max/2024/10/107279_max.jpeg?t=1770989089,195000,https://www.automobile.tn/fr/occasion/porsche/cayenne/107279,1,106000,21 cv,Porsche Cayenne,Propulsion,
2010,Automatique,,Bon prix,Essence,Tunis,https://catalogue.automobile.tn/max/2026/02/123223_max.jpeg?t=1770557178,78000,https://www.automobile.tn/fr/occasion/porsche/panamera/123223,1,129000,21 cv,Porsche Panamera,Traction,
2022,Automatique,,Aucune évaluation,Hybride,Tunis,https://catalogue.automobile.tn/max/2026/09/129912_max.jpeg?t=1788446144,50000,https://www.automobile.tn/fr/occasion/bmw/x2/129912,2,129000,8 cv,BMW X2,Intégrale,
2020,Automatique,,Bon prix,Diesel,Tunis,https://catalogue.automobile.tn/max/2024/11/107786_max.jpeg?t=1769447033,112000,https://www.automobile.tn/fr/occasion/bmw/x5/107786,2,250000,14 cv,BMW X5,Intégrale,
2022,Automatique,,Aucune évaluation,Diesel,Tunis,https://catalogue.automobile.tn/max/2026/08/129244_max.jpeg?t=1787776602,80000,https://www.automobile.tn/fr/occasion/mercedes-benz/gle/129244,3,255000,15 cv,Mercedes-Benz GLE,Intégrale,
2019,Automatique,,Aucune évaluation,Hybride,Tunis,https://catalogue.automobile.tn/max/2026/04/125676_max.jpeg?t=1786314835,43000,https://www.automobile.tn/fr/occasion/porsche/cayenne/125676,3,215000,21 cv,Porsche Cayenne,Intégrale,
2023,Manuelle,,Prix équitable,Diesel,Sousse,https://catalogue.automobile.tn/max/2026/09/129907_max.jpeg?t=1788440300,166700,https://www.automobile.tn/fr/occasion/citroen/berlingo-van/129907,4,48000,5 cv,Citroën Berlingo Van,Traction,
2020,Automatique,,Prix équitable,Essence,Ariana,https://catalogue.automobile.tn/max/2025/12/121708_max.jpeg?t=1788438298,147000,https://www.automobile.tn/fr/occasion/hyundai/tucson/121708,4,69900,8 cv,Hyundai Tucson,Traction,
2022,Automatique,,Aucune évaluation,Hybride,Tunis,https://catalogue.automobile.tn/max/2026/08/129760_max.jpeg?t=1788006335,98000,https://www.automobile.tn/fr/occasion/kia/sportage/129760,5,118000,8 cv,KIA Sportage,Intégrale,
2022,Manuelle,,Bon prix,Essence,Tunis,https://catalogue.automobile.tn/max/2026/08/129757_max.jpeg?t=1788270267,98000,https://www.automobile.tn/fr/occasion/hyundai/grand-i10/129757,5,39500,5 cv,Hyundai Grand i10,Traction,
2021,Automatique,,Prix équitable,Essence,Ariana,https://catalogue.automobile.tn/max/2026/09/129900_max.jpeg?t=1788445569,93000,https://www.automobile.tn/fr/occasion/audi/a5-sportback/129900,6,128000,8 cv,Audi A5 Sportback,Traction,
2017,Automatique,,Très bon prix,Essence,Tunis,https://catalogue.automobile.tn/max/2026/06/127173_max.jpeg?t=1788432855,117000,https://www.automobile.tn/fr/occasion/peugeot/3008/127173,6,58000,9 cv,Peugeot 3008,Traction,
2020,Automatique,,Prix équitable,Essence,Ben Arous,https://catalogue.automobile.tn/max/2026/08/129603_max.jpeg?t=1787563535,220000,https://www.automobile.tn/fr/occasion/renault/megane/129603,7,45000,7 cv,Renault Megane,Traction,
2025,Automatique,,Prix équitable,Essence,Tunis,https://catalogue.automobile.tn/max/2026/05/126228_max.jpeg?t=1788430236,18000,https://www.automobile.tn/fr/occasion/citroen/c4-x/126228,7,73000,7 cv,Citroën C4 X,Traction,
2021,Manuelle,,Prix équitable,Essence,Ben Arous,https://catalogue.automobile.tn/max/2026/07/128149_max.jpeg?t=1783587042,130000,https://www.automobile.tn/fr/occasion/renault/clio/128149,8,39500,5 cv,Renault Clio,Traction,
2015,Automatique,,Prix élevé,Diesel,Ben Arous,https://catalogue.automobile.tn/max/2026/04/125506_max.jpeg?t=1776346006,210000,https://www.automobile.tn/fr/occasion/bmw/x5/125506,8,110000,13 cv,BMW X5,Intégrale,
2016,Automatique,,Bon prix,Diesel,Ben Arous,https://catalogue.automobile.tn/max/2026/07/128197_max.jpeg?t=1783686389,250000,https://www.automobile.tn/fr/occasion/land-rover/range-rover-sport/128197,9,135000,19 cv,Land Rover Range Rover Sport,Intégrale,
2023,Automatique,,Prix équitable,Electrique,Ben Arous,https://catalogue.automobile.tn/max/2026/04/125637_max.jpeg?t=1776727582,35000,https://www.automobile.tn/fr/occasion/mercedes-benz/eqe-berline/125637,9,185000,8 cv,Mercedes-Benz EQE Berline,Propulsion,
2022,Automatique,,Prix très élevé,Essence,Tunis,https://catalogue.automobile.tn/max/2026/07/128436_max.jpeg?t=1784391319,51000,https://www.automobile.tn/fr/occasion/peugeot/308/128436,10,87000,6 cv,Peugeot 308,Traction,
2022,Automatique,,Prix équitable,Essence,Tunis,https://catalogue.automobile.tn/max/2026/04/125113_max.jpeg?t=1785086647,72000,https://www.automobile.tn/fr/occasion/suzuki/celerio/125113,10,39500,4 cv,Suzuki Celerio,Traction,
2015,Automatique,,Très bon prix,Diesel,Ariana,https://catalogue.automobile.tn/max/2025/10/119652_max.jpeg?t=1784019116,152000,https://www.automobile.tn/fr/occasion/bmw/x5/119652,11,98000,13 cv,BMW X5,Intégrale,
2022,Automatique,,Très bon prix,Hybride,Ariana,https://catalogue.automobile.tn/max/2026/04/125787_max.jpeg?t=1777026328,75000,https://www.automobile.tn/fr/occasion/mercedes-benz/classe-e/125787,11,159000,12 cv,Mercedes-Benz Classe E,Intégrale,
2024,Automatique,,Prix équitable,Hybride,Ariana,https://catalogue.automobile.tn/max/2026/08/129674_max.jpeg?t=1788339950,40000,https://www.automobile.tn/fr/occasion/mercedes-benz/gla/129674,12,159000,9 cv,Mercedes-Benz GLA,Traction,
2022,Automatique,,Très bon prix,Hybride,Ariana,https://catalogue.automobile.tn/max/2026/08/129694_max.jpeg?t=1787826348,100000,https://www.automobile.tn/fr/occasion/bmw/x5/129694,12,198000,17 cv,BMW X5,Intégrale,
2010,Manuelle,,Prix équitable,Essence,Tunis,https://catalogue.automobile.tn/max/2026/08/129827_max.jpeg?t=1788218834,163000,https://www.automobile.tn/fr/occasion/fiat/500/129827,13,28500,4 cv,Fiat 500,Traction,
2010,Automatique,,Prix équitable,Essence,Tunis,https://catalogue.automobile.tn/max/2026/08/129828_max.jpeg?t=1788218790,187000,https://www.automobile.tn/fr/occasion/mercedes-benz/classe-e-coupe/129828,13,54000,11 cv,Mercedes-Benz Classe E coupé,Traction,
2022,Automatique,,Aucune évaluation,Diesel,Tunis,https://catalogue.automobile.tn/max/2026/08/129178_max.jpeg?t=1786364782,101000,https://www.automobile.tn/fr/occasion/kia/xceed/129178,14,79000,7 cv,KIA XCeed,Traction,
2018,Automatique,,Très bon prix,Essence,Tunis,https://catalogue.automobile.tn/max/2026/08/129492_max.jpeg?t=1787225158,129000,https://www.automobile.tn/fr/occasion/audi/q3/129492,14,68000,8 cv,Audi Q3,Traction,
2013,Automatique,,Prix équitable,Essence,Tunis,https://catalogue.automobile.tn/max/2026/06/127203_max.jpeg?t=1780997418,178000,https://www.automobile.tn/fr/occasion/mercedes-benz/cla/127203,15,65500,8 cv,Mercedes-Benz CLA,Traction,
2019,Automatique,,Prix élevé,Essence,Tunis,https://catalogue.automobile.tn/max/2026/06/127416_max.jpeg?t=1781533564,128000,https://www.automobile.tn/fr/occasion/kia/sportage/127416,15,77000,8 cv,KIA Sportage,Traction,
2023,Automatique,,Prix équitable,Essence,Tunis,https://catalogue.automobile.tn/max/2026/03/124737_max.jpeg?t=1775046821,91000,https://www.automobile.tn/fr/occasion/kia/sportage/124737,16,109000,10 cv,KIA Sportage,Traction,
2017,Automatique,,Très bon prix,Diesel,Tunis,https://catalogue.automobile.tn/max/2026/03/124770_max.jpeg?t=1775035974,159000,https://www.automobile.tn/fr/occasion/land-rover/range-rover-evoque/124770,16,90000,8 cv,Land Rover Range Rover Evoque,Traction,
2019,Automatique,,Aucune évaluation,Hybride,Tunis,https://catalogue.automobile.tn/max/2025/09/118106_max.jpeg?t=1785757069,103000,https://www.automobile.tn/fr/occasion/land-rover/range-rover-sport/118106,17,190000,17 cv,Land Rover Range Rover Sport,Intégrale,
2019,Manuelle,,Prix élevé,Essence,Tunis,https://catalogue.automobile.tn/max/2025/12/120958_max.jpeg?t=1778257565,102000,https://www.automobile.tn/fr/occasion/fiat/500/120958,17,41000,4 cv,Fiat 500,Traction,
2021,Automatique,,Prix équitable,Essence,Tunis,https://catalogue.automobile.tn/max/2026/03/124472_max.jpeg?t=1787496480,58000,https://www.automobile.tn/fr/occasion/audi/a3-sportback/124472,18,103000,8 cv,Audi A3 Sportback,Intégrale,
2024,Manuelle,,Prix équitable,Essence,Tunis,https://catalogue.automobile.tn/max/2026/09/129887_max.jpeg?t=1788422793,33000,https://www.automobile.tn/fr/occasion/kia/stonic/129887,18,69000,5 cv,KIA Stonic,Traction,
2024,Automatique,,Très bon prix,Hybride,Ariana,https://catalogue.automobile.tn/max/2026/06/127787_max.jpeg?t=1788329697,33600,https://www.automobile.tn/fr/occasion/bmw/serie-3/127787,19,142000,9 cv,BMW Série 3,Intégrale,
2020,Automatique,,Très bon prix,Essence,Ariana,https://catalogue.automobile.tn/max/2026/08/129719_max.jpeg?t=1788187734,131000,https://www.automobile.tn/fr/occasion/audi/a5-sportback/129719,19,84000,8 cv,Audi A5 Sportback,Traction,
2025,Automatique,,Aucune évaluation,Hybride,Ariana,https://catalogue.automobile.tn/max/2026/08/129648_max.jpeg?t=1787678731,18650,https://www.automobile.tn/fr/occasion/mercedes-benz/cle-coupe/129648,20,217000,11 cv,Mercedes-Benz CLE Coupé,Propulsion,
2023,Automatique,,Prix équitable,Essence,Ariana,https://catalogue.automobile.tn/max/2026/09/129879_max.jpeg?t=1788377161,29000,https://www.automobile.tn/fr/occasion/kia/picanto/129879,20,52000,4 cv,KIA Picanto,Traction,
2024,Manuelle,,Prix équitable,Essence,Ariana,https://catalogue.automobile.tn/max/2026/08/128961_max.jpeg?t=1785860797,26351,https://www.automobile.tn/fr/occasion/hyundai/grand-i10/128961,21,46000,4 cv,Hyundai Grand i10,Traction,
2015,Automatique,,Bon prix,Essence,Ariana,https://catalogue.automobile.tn/max/2026/08/128964_max.jpeg?t=1785857204,184529,https://www.automobile.tn/fr/occasion/audi/a6/128964,21,65000,10 cv,Audi A6,Traction,
2025,Automatique,,Prix élevé,Hybride,Ariana,https://catalogue.automobile.tn/max/2026/06/127355_max.jpeg?t=1781346372,15788,https://www.automobile.tn/fr/occasion/mercedes-benz/cla/127355,22,176000,9 cv,Mercedes-Benz CLA,Traction,
2026,Automatique,,Aucune évaluation,Hybride,Ariana,https://catalogue.automobile.tn/max/2026/07/127957_max.jpeg?t=1782991592,10900,https://www.automobile.tn/fr/occasion/byd/seal/127957,22,137000,9 cv,BYD Seal,Traction,
2013,Automatique,,Prix très élevé,Essence,Ariana,https://catalogue.automobile.tn/max/2026/04/125429_max.jpeg?t=1776111963,168664,https://www.automobile.tn/fr/occasion/mercedes-benz/classe-a/125429,23,63000,6 cv,Mercedes-Benz Classe A,Traction,
2021,Automatique,,Très bon prix,Essence,Ariana,https://catalogue.automobile.tn/max/2026/04/125667_max.jpeg?t=1778270350,111138,https://www.automobile.tn/fr/occasion/mercedes-benz/gla/125667,23,125000,9 cv,Mercedes-Benz GLA,Traction,
2026,Automatique,,Aucune évaluation,Hybride,Ariana,https://catalogue.automobile.tn/max/2026/01/122823_max.jpeg?t=1769554404,0,https://www.automobile.tn/fr/occasion/audi/q3-sportback/122823,24,238000,9 cv,Audi Q3 Sportback,Traction,
2022,Automatique,,Prix équitable,Hybride,Ariana,https://catalogue.automobile.tn/max/2026/03/124692_max.jpeg?t=1774391134,62250,https://www.automobile.tn/fr/occasion/mercedes-benz/gle/124692,24,230000,12 cv,Mercedes-Benz GLE,Intégrale,
2007,Automatique,,Aucune évaluation,Diesel,Ariana,https://catalogue.automobile.tn/max/2025/04/113342_max.jpeg?t=1757578433,216544,https://www.automobile.tn/fr/occasion/toyota/land-cruiser/113342,25,129000,17 cv,Toyota Land Cruiser,Traction,
2020,Automatique,,Aucune évaluation,Hybride,Ariana,https://catalogue.automobile.tn/max/2025/04/113345_max.jpeg?t=1779124310,116520,https://www.automobile.tn/fr/occasion/audi/q3-sportback/113345,25,130000,8 cv,Audi Q3 Sportback,Traction,
2023,Automatique,,Prix équitable,Essence,Tunis,https://catalogue.automobile.tn/max/2026/07/128470_max.jpeg?t=1784575584,120000,https://www.automobile.tn/fr/occasion/great-wall/h6/128470,26,82000,8 cv,GWM Haval H6,Traction,
2011,Manuelle,,Prix élevé,Essence,Tunis,https://catalogue.automobile.tn/max/2026/03/124482_max.jpeg?t=1775844727,203000,https://www.automobile.tn/fr/occasion/fiat/linea/124482,26,28000,6 cv,Fiat Linea,Traction,
2021,Automatique,,Prix équitable,Hybride,Monastir,https://catalogue.automobile.tn/max/2026/08/129236_max.jpeg?t=1786544734,48500,https://www.automobile.tn/fr/occasion/mercedes-benz/classe-e/129236,27,174000,12 cv,Mercedes-Benz Classe E,Traction,
2023,Automatique,,Prix élevé,Hybride,Sousse,https://catalogue.automobile.tn/max/2026/08/129788_max.jpeg?t=1788109356,43000,https://www.automobile.tn/fr/occasion/mercedes-benz/gla/129788,27,157000,8 cv,Mercedes-Benz GLA,Traction,
2022,Automatique,,Prix équitable,Hybride,Ben Arous,https://catalogue.automobile.tn/max/2026/08/129752_max.jpeg?t=1788006366,35000,https://www.automobile.tn/fr/occasion/mercedes-benz/gle-coupe/129752,28,275000,12 cv,Mercedes-Benz GLE Coupé,Intégrale,
2016,Automatique,,Prix élevé,Essence,Ben Arous,https://catalogue.automobile.tn/max/2026/08/129753_max.jpeg?t=1787999184,167000,https://www.automobile.tn/fr/occasion/skoda/octavia/129753,28,48000,8 cv,Skoda Octavia,Traction,
2017,Manuelle,,Prix équitable,Essence,Ben Arous,https://catalogue.automobile.tn/max/2026/08/129555_max.jpeg?t=1787482052,202000,https://www.automobile.tn/fr/occasion/volkswagen/golf-7/129555,29,58000,6 cv,Volkswagen Golf 7,Traction,
2022,Automatique,,Aucune évaluation,Hybride,Ben Arous,https://catalogue.automobile.tn/max/2026/08/129556_max.jpeg?t=1787405140,102000,https://www.automobile.tn/fr/occasion/mercedes-benz/glc/129556,29,170000,11 cv,Mercedes-Benz GLC,Intégrale,
2023,Automatique,,Prix équitable,Essence,Ben Arous,https://catalogue.automobile.tn/max/2026/08/129118_max.jpeg?t=1786191981,23000,https://www.automobile.tn/fr/occasion/hyundai/i30-fastback/129118,30,85000,7 cv,Hyundai i30 Fastback,Traction,
2022,Automatique,,Prix élevé,Hybride,Ben Arous,https://catalogue.automobile.tn/max/2026/08/129122_max.jpeg?t=1786202850,96000,https://www.automobile.tn/fr/occasion/volkswagen/golf-8/129122,30,105000,8 cv,Volkswagen Golf 8,Traction,
2023,Automatique,,Prix équitable,Essence,Ben Arous,https://catalogue.automobile.tn/max/2026/07/128707_max.jpeg?t=1785284804,99000,https://www.automobile.tn/fr/occasion/seat/ateca/128707,31,95000,8 cv,Seat Ateca,Traction,
2019,Automatique,,Prix équitable,Diesel,Ben Arous,https://catalogue.automobile.tn/max/2026/07/128708_max.jpeg?t=1785281201,145000,https://www.automobile.tn/fr/occasion/kia/sportage/128708,31,85000,7 cv,KIA Sportage,Traction,
2012,Automatique,,Prix très élevé,Essence,Ben Arous,https://catalogue.automobile.tn/max/2026/07/128395_max.jpeg?t=1784221020,225000,https://www.automobile.tn/fr/occasion/volkswagen/passat-cc/128395,32,42500,9 cv,Volkswagen Passat CC,Traction,
2023,Manuelle,,Prix élevé,Essence,Ariana,https://catalogue.automobile.tn/max/2026/07/128411_max.jpeg?t=1784296290,95000,https://www.automobile.tn/fr/occasion/kia/picanto/128411,32,42900,5 cv,KIA Picanto,Traction,
2012,Automatique,,Très bon prix,Essence,Ben Arous,https://catalogue.automobile.tn/max/2026/06/127769_max.jpeg?t=1782480377,239000,https://www.automobile.tn/fr/occasion/bmw/serie-5/127769,33,57000,10 cv,BMW Série 5,Propulsion,
2011,Manuelle,,Aucune évaluation,Diesel,Ben Arous,https://catalogue.automobile.tn/max/2026/06/127827_max.jpeg?t=1782663951,233000,https://www.automobile.tn/fr/occasion/alfa-romeo/giulietta/127827,33,32000,5 cv,Alfa Romeo Giulietta,Traction,
2022,Manuelle,,Très bon prix,Essence,Ben Arous,https://catalogue.automobile.tn/max/2026/05/126956_max.jpeg?t=1780233934,56000,https://www.automobile.tn/fr/occasion/seat/leon/126956,34,67900,6 cv,Seat Leon,Traction,
2022,Automatique,,Prix élevé,Hybride,Ben Arous,https://catalogue.automobile.tn/max/2026/06/127003_max.jpeg?t=1780399636,49000,https://www.automobile.tn/fr/occasion/audi/q5/127003,34,190000,16 cv,Audi Q5,Intégrale,
2014,Manuelle,,Prix équitable,Essence,Ben Arous,https://catalogue.automobile.tn/max/2026/05/126154_max.jpeg?t=1779637099,230000,https://www.automobile.tn/fr/occasion/volkswagen/golf-7/126154,35,42500,5 cv,Volkswagen Golf 7,Traction,
2022,Automatique,,Prix équitable,Diesel,Ariana,https://catalogue.automobile.tn/max/2026/05/126164_max.jpeg?t=1782575916,71000,https://www.automobile.tn/fr/occasion/land-rover/range-rover-evoque/126164,35,198000,8 cv,Land Rover Range Rover Evoque,Intégrale,
2021,Automatique,,Aucune évaluation,Essence,Ben Arous,https://catalogue.automobile.tn/max/2026/04/124948_max.jpeg?t=1777984698,33000,https://www.automobile.tn/fr/occasion/mercedes-benz/glc/124948,36,170000,16 cv,Mercedes-Benz GLC,Intégrale,
2023,Manuelle,,Prix élevé,Essence,Ben Arous,https://catalogue.automobile.tn/max/2026/04/124954_max.jpeg?t=1775042809,51000,https://www.automobile.tn/fr/occasion/mahindra/xuv-300/124954,36,48900,6 cv,Mahindra XUV 300,Traction,
2022,Automatique,,Prix équitable,Essence,Ben Arous,https://catalogue.automobile.tn/max/2026/01/122313_max.jpeg?t=1768306828,78000,https://www.automobile.tn/fr/occasion/chery/tiggo-3x/122313,37,48000,6 cv,Chery Tiggo 3X,Traction,
2022,Automatique,,Prix équitable,Essence,Ben Arous,https://catalogue.automobile.tn/max/2026/01/122709_max.jpeg?t=1776773474,104000,https://www.automobile.tn/fr/occasion/mercedes-benz/glb/122709,37,150000,9 cv,Mercedes-Benz GLB,Traction,
2014,Manuelle,,Aucune évaluation,Essence,Ben Arous,https://catalogue.automobile.tn/max/2025/11/119815_max.jpeg?t=1773497066,194000,https://www.automobile.tn/fr/occasion/audi/a3/119815,38,48500,5 cv,Audi A3,Traction,
2016,Automatique,,Aucune évaluation,Diesel,Ben Arous,https://catalogue.automobile.tn/max/2025/11/120099_max.jpeg?t=1762601551,94000,https://www.automobile.tn/fr/occasion/mercedes-benz/classe-gl/120099,38,180000,16 cv,Mercedes-Benz Classe GL,Intégrale,
2013,Automatique,,Très bon prix,Diesel,Ben Arous,https://catalogue.automobile.tn/max/2025/09/117836_max.jpeg?t=1762694927,258000,https://www.automobile.tn/fr/occasion/audi/q5/117836,39,72000,10 cv,Audi Q5,Intégrale,
2018,Manuelle,,Aucune évaluation,Essence,Ben Arous,https://catalogue.automobile.tn/max/2025/09/117840_max.jpeg?t=1762694880,114000,https://www.automobile.tn/fr/occasion/bmw/serie-1-5p/117840,39,85000,7 cv,BMW Série 1,Traction,
2016,Automatique,,Aucune évaluation,Essence,Ariana,https://catalogue.automobile.tn/max/2025/07/115858_max.jpeg?t=1760526444,70000,https://www.automobile.tn/fr/occasion/bmw/x5/115858,40,297000,plus de 48 cv,BMW X5,Traction,
2021,Automatique,,Prix très élevé,Hybride,Ben Arous,https://catalogue.automobile.tn/max/2025/07/116030_max.jpeg?t=1762695392,56000,https://www.automobile.tn/fr/occasion/kia/stonic/116030,40,79000,6 cv,KIA Stonic,Traction,
2020,Automatique,,Prix équitable,Essence,Ben Arous,https://catalogue.automobile.tn/max/2025/01/110455_max.jpeg?t=1762686597,112000,https://www.automobile.tn/fr/occasion/kia/sportage/110455,41,80000,8 cv,KIA Sportage,Traction,
2013,Automatique,,Prix très élevé,Diesel,Ben Arous,https://catalogue.automobile.tn/max/2025/02/111156_max.jpeg?t=1762858005,405000,https://www.automobile.tn/fr/occasion/kia/sportage/111156,41,46000,11 cv,KIA Sportage,Intégrale,
2022,Automatique,,Prix très élevé,Essence,Ariana,https://catalogue.automobile.tn/max/2024/09/98381_max.jpeg?t=1760525668,30000,https://www.automobile.tn/fr/occasion/skoda/octavia/98381,42,109000,8 cv,Skoda Octavia,Traction,
2008,Automatique,,Aucune évaluation,Essence,Ben Arous,https://catalogue.automobile.tn/max/2024/03/100742_max.jpeg?t=1758718744,151000,https://www.automobile.tn/fr/occasion/mercedes-benz/classe-s/100742,42,95000,19 cv,Mercedes-Benz Classe S,Traction,
2021,Automatique,,Prix équitable,Essence,Ben Arous,https://catalogue.automobile.tn/max/2026/08/128911_max.jpeg?t=1785857220,125000,https://www.automobile.tn/fr/occasion/great-wall/jolion/128911,43,66000,9 cv,GWM Haval Jolion,Traction,
2016,Manuelle,,Prix équitable,Essence,Ben Arous,https://catalogue.automobile.tn/max/2026/02/122948_max.jpeg?t=1786435066,189000,https://www.automobile.tn/fr/occasion/nissan/micra/122948,43,24500,5 cv,Nissan Micra,Traction,
2021,Manuelle,,Prix équitable,Essence,Ariana,https://catalogue.automobile.tn/max/2026/09/129856_max.jpeg?t=1788375350,73000,https://www.automobile.tn/fr/occasion/hyundai/grand-i10/129856,44,39000,4 cv,Hyundai Grand i10,Traction,
2014,Automatique,,Aucune évaluation,Essence,Tunis,https://catalogue.automobile.tn/max/2026/09/129857_max.jpeg?t=1788375345,135000,https://www.automobile.tn/fr/occasion/mini/paceman/129857,44,38500,7 cv,Mini Paceman,Traction,
2021,Automatique,,Prix très élevé,Essence,Ariana,https://catalogue.automobile.tn/max/2026/08/129707_max.jpeg?t=1788336353,85000,https://www.automobile.tn/fr/occasion/honda/city/129707,45,54000,6 cv,Honda City,Traction,
2023,Automatique,,Prix équitable,Hybride,Nabeul,https://catalogue.automobile.tn/max/2026/09/129848_max.jpeg?t=1788337170,33000,https://www.automobile.tn/fr/occasion/audi/a3-sportback/129848,45,120000,8 cv,Audi A3 Sportback,Traction,
2022,Automatique,,Prix équitable,Essence,Ariana,https://catalogue.automobile.tn/max/2026/07/128536_max.jpeg?t=1788297019,68000,https://www.automobile.tn/fr/occasion/opel/mokka/128536,46,72000,7 cv,Opel Mokka,Traction,
2023,Automatique,,Prix équitable,Essence,Médenine,https://catalogue.automobile.tn/max/2026/08/129806_max.jpeg?t=1788182748,140000,https://www.automobile.tn/fr/occasion/bmw/x2/129806,46,110000,7 cv,BMW X2,Traction,
2024,Manuelle,,Aucune évaluation,Essence,Gafsa,https://catalogue.automobile.tn/max/2026/09/129839_max.jpeg?t=1788276328,10500,https://www.automobile.tn/fr/occasion/opel/crossland/129839,47,58500,5 cv,Opel Crossland,Traction,
2017,Automatique,,Bon prix,Essence,Tunis,https://catalogue.automobile.tn/max/2026/08/123090_max.jpeg?t=1788277381,170000,https://www.automobile.tn/fr/occasion/peugeot/3008/123090,47,53000,9 cv,Peugeot 3008,Traction,
2015,Automatique,,Bon prix,Essence,Tunis,https://catalogue.automobile.tn/max/2026/06/127337_max.jpeg?t=1781281617,200000,https://www.automobile.tn/fr/occasion/bmw/serie-4-coupe/127337,48,73500,10 cv,BMW Série 4 Coupé,Propulsion,
2019,Automatique,,Prix équitable,Diesel,Tunis,https://catalogue.automobile.tn/max/2026/06/127359_max.jpeg?t=1781353538,150000,https://www.automobile.tn/fr/occasion/land-rover/range-rover-velar/127359,48,195000,19 cv,Land Rover Range Rover Velar,Intégrale,
2026,Automatique,,Aucune évaluation,Essence,Tunis,https://catalogue.automobile.tn/max/2026/07/127925_max.jpeg?t=1782912333,4000,https://www.automobile.tn/fr/occasion/skoda/kushaq/127925,49,124900,7 cv,Skoda Kushaq,Traction,
2024,Automatique,,Aucune évaluation,Hybride,Tunis,https://catalogue.automobile.tn/max/2026/08/129607_max.jpeg?t=1788266772,72000,https://www.automobile.tn/fr/occasion/jaguar/e-pace/129607,49,368900,9 cv,Jaguar E-Pace,Intégrale,
2023,Automatique,,Prix équitable,Essence,Tunis,https://catalogue.automobile.tn/max/2026/09/129271_max.jpeg?t=1788270678,46000,https://www.automobile.tn/fr/occasion/fiat/500/129271,50,51000,4 cv,Fiat 500,Traction,
2018,Automatique,,Très bon prix,Essence,Tunis,https://catalogue.automobile.tn/max/2026/08/129299_max.jpeg?t=1786732021,117000,https://www.automobile.tn/fr/occasion/audi/a5-sportback/129299,50,85000,8 cv,Audi A5 Sportback,Traction,
2022,Automatique,,Aucune évaluation,Hybride,Tunis,https://catalogue.automobile.tn/max/2026/07/128829_max.jpeg?t=1785500798,105000,https://www.automobile.tn/fr/occasion/bmw/x5/128829,51,200000,17 cv,BMW X5,Intégrale,
2024,Automatique,,Prix équitable,Essence,Tunis,https://catalogue.automobile.tn/max/2026/08/128856_max.jpeg?t=1786554076,70000,https://www.automobile.tn/fr/occasion/hyundai/i30/128856,51,73000,7 cv,Hyundai i30,Traction,
2024,Automatique,,Prix équitable,Hybride,Tunis,https://catalogue.automobile.tn/max/2026/06/127730_max.jpeg?t=1782390338,20000,https://www.automobile.tn/fr/occasion/toyota/yaris-cross/127730,52,104000,5 cv,Toyota Yaris Cross Hybride,Traction,
2019,Automatique,,Bon prix,Essence,Tunis,https://catalogue.automobile.tn/max/2026/06/127766_max.jpeg?t=1786447315,160000,https://www.automobile.tn/fr/occasion/kia/sportage/127766,52,66000,8 cv,KIA Sportage,Traction,
2024,Automatique,,Aucune évaluation,Hybride,Tunis,https://catalogue.automobile.tn/max/2026/05/126822_max.jpeg?t=1784720672,30000,https://www.automobile.tn/fr/occasion/volkswagen/tiguan/126822,53,169000,8 cv,Volkswagen Tiguan,Traction,
2018,Manuelle,,Bon prix,Essence,Tunis,https://catalogue.automobile.tn/max/2026/05/126848_max.jpeg?t=1779805559,90000,https://www.automobile.tn/fr/occasion/lada/4x4/126848,53,28000,7 cv,Lada 4x4,Intégrale,
2021,Automatique,,Prix équitable,Essence,Tunis,https://catalogue.automobile.tn/max/2026/04/125136_max.jpeg?t=1775478395,20000,https://www.automobile.tn/fr/occasion/suzuki/jimny/125136,54,87000,6 cv,Suzuki Jimny 3 portes,Intégrale,
2019,Automatique,,Très bon prix,Diesel,Tunis,https://catalogue.automobile.tn/max/2026/04/125137_max.jpeg?t=1784723409,150000,https://www.automobile.tn/fr/occasion/land-rover/range-rover-sport/125137,54,198000,20 cv,Land Rover Range Rover Sport,Propulsion,
2016,Automatique,,Aucune évaluation,Diesel,Tunis,https://catalogue.automobile.tn/max/2025/11/120598_max.jpeg?t=1763720556,190000,https://www.automobile.tn/fr/occasion/land-rover/discovery-sport/120598,55,95000,9 cv,Land Rover Discovery Sport,Propulsion,
2018,Automatique,,Très bon prix,Diesel,Tunis,https://catalogue.automobile.tn/max/2025/12/120962_max.jpeg?t=1776190979,185000,https://www.automobile.tn/fr/occasion/land-rover/range-rover-sport/120962,55,145000,14 cv,Land Rover Range Rover Sport,Propulsion,
2021,Manuelle,,Prix élevé,Essence,Tunis,https://catalogue.automobile.tn/max/2026/08/129723_max.jpeg?t=1788253979,147000,https://www.automobile.tn/fr/occasion/geely/gx3/129723,56,46000,6 cv,Geely GX3,Traction,
2022,Manuelle,,Prix équitable,Essence,Tunis,https://catalogue.automobile.tn/max/2026/07/128391_max.jpeg?t=1784215485,82000,https://www.automobile.tn/fr/occasion/fiat/500/128391,56,48000,4 cv,Fiat 500,Traction,
2010,Manuelle,,Prix très élevé,Diesel,Ariana,https://catalogue.automobile.tn/max/2026/08/129147_max.jpeg?t=1786354683,410500,https://www.automobile.tn/fr/occasion/volkswagen/golf-6/129147,57,38000,5 cv,Volkswagen Golf 6,Traction,
2017,Automatique,,Prix très élevé,Essence,Sfax,https://catalogue.automobile.tn/max/2026/08/129823_max.jpeg?t=1788215173,170000,https://www.automobile.tn/fr/occasion/suzuki/vitara/129823,57,55000,6 cv,Suzuki Vitara,Intégrale,
2010,Manuelle,,Aucune évaluation,Essence,Ben Arous,https://catalogue.automobile.tn/max/2026/08/129815_max.jpeg?t=1788208018,223000,https://www.automobile.tn/fr/occasion/bmw/serie-1-3p/129815,58,33000,6 cv,BMW Série 1 3p,Propulsion,
2018,Automatique,,Très bon prix,Essence,Ben Arous,https://catalogue.automobile.tn/max/2026/08/129816_max.jpeg?t=1788207965,137000,https://www.automobile.tn/fr/occasion/mercedes-benz/cla/129816,58,78000,7 cv,Mercedes-Benz CLA,Traction,
2016,Automatique,,Très bon prix,Diesel,Ben Arous,https://catalogue.automobile.tn/max/2026/06/127432_max.jpeg?t=1787830582,128000,https://www.automobile.tn/fr/occasion/mercedes-benz/glc-coupe/127432,59,115000,9 cv,Mercedes-Benz GLC Coupé,Intégrale,
2020,Manuelle,,Bon prix,Diesel,Ben Arous,https://catalogue.automobile.tn/max/2026/06/127473_max.jpeg?t=1781659532,90000,https://www.automobile.tn/fr/occasion/isuzu/d-max-dc/127473,59,74000,10 cv,Isuzu D-Max Double Cabine,Propulsion,
2015,Automatique,,Bon prix,Diesel,Ben Arous,https://catalogue.automobile.tn/max/2026/02/123926_max.jpeg?t=1782764172,124000,https://www.automobile.tn/fr/occasion/land-rover/range-rover-evoque/123926,60,77000,11 cv,Land Rover Range Rover Evoque,Intégrale,
2018,Automatique,,Prix équitable,Diesel,Ben Arous,https://catalogue.automobile.tn/max/2026/03/124855_max.jpeg?t=1774808726,220000,https://www.automobile.tn/fr/occasion/land-rover/discovery/124855,60,125000,10 cv,Land Rover Discovery,Intégrale,
2018,Automatique,,Très bon prix,Diesel,Ben Arous,https://catalogue.automobile.tn/max/2026/02/123743_max.jpeg?t=1771792182,95000,https://www.automobile.tn/fr/occasion/land-rover/range-rover-sport/123743,61,195000,16 cv,Land Rover Range Rover Sport,Intégrale,
2023,Automatique,,Très bon prix,Electrique,Ben Arous,https://catalogue.automobile.tn/max/2026/02/123745_max.jpeg?t=1771792750,5000,https://www.automobile.tn/fr/occasion/mercedes-benz/eqs-berline/123745,61,297000,8 cv,Mercedes-Benz EQS Berline,Propulsion,
2024,Automatique,,Aucune évaluation,Hybride,Sfax,https://catalogue.automobile.tn/max/2026/07/128378_max.jpeg?t=1784204765,31385,https://www.automobile.tn/fr/occasion/mercedes-benz/glc/128378,62,285000,15 cv,Mercedes-Benz GLC,Intégrale,
2023,Automatique,,Très bon prix,Hybride,Sfax,https://catalogue.automobile.tn/max/2026/07/128382_max.jpeg?t=1784208518,28915,https://www.automobile.tn/fr/occasion/mercedes-benz/gle-coupe/128382,62,285000,12 cv,Mercedes-Benz GLE Coupé,Intégrale,
2022,Automatique,,Prix élevé,Hybride,Sfax,https://catalogue.automobile.tn/max/2026/03/124075_max.jpeg?t=1772547360,109804,https://www.automobile.tn/fr/occasion/hyundai/tucson/124075,63,130000,10 cv,Hyundai Tucson,Intégrale,
2024,Automatique,,Prix élevé,Hybride,Sfax,https://catalogue.automobile.tn/max/2026/04/125053_max.jpeg?t=1775247959,47355,https://www.automobile.tn/fr/occasion/mercedes-benz/glc-coupe/125053,63,285000,11 cv,Mercedes-Benz GLC Coupé,Intégrale,
2022,Automatique,,Très bon prix,Hybride,Médenine,https://catalogue.automobile.tn/max/2026/08/129792_max.jpeg?t=1788122268,119000,https://www.automobile.tn/fr/occasion/land-rover/range-rover-sport/129792,64,190000,4 cv,Land Rover Range Rover Sport,Intégrale,
2009,Automatique,,Prix équitable,Essence,Ariana,https://catalogue.automobile.tn/max/2026/08/129795_max.jpeg?t=1788133956,300000,https://www.automobile.tn/fr/occasion/mercedes-benz/classe-e/129795,64,47000,11 cv,Mercedes-Benz Classe E,Propulsion,
2024,Automatique,,Aucune évaluation,Diesel,Mahdia,https://catalogue.automobile.tn/max/2026/08/129199_max.jpeg?t=1788080099,40000,https://www.automobile.tn/fr/occasion/kia/sportage/129199,65,130000,7 cv,KIA Sportage,Traction,
2012,Automatique,,Prix équitable,Diesel,Médenine,https://catalogue.automobile.tn/max/2026/08/129781_max.jpeg?t=1788092730,241000,https://www.automobile.tn/fr/occasion/mercedes-benz/cls/129781,65,85000,11 cv,Mercedes-Benz CLS,Propulsion,
2021,Automatique,,Bon prix,Essence,Ariana,https://catalogue.automobile.tn/max/2026/08/129764_max.jpeg?t=1788017159,72000,https://www.automobile.tn/fr/occasion/mercedes-benz/gla/129764,66,127000,7 cv,Mercedes-Benz GLA,Traction,
2007,Manuelle,,Bon prix,Essence,Ariana,https://catalogue.automobile.tn/max/2026/08/129766_max.jpeg?t=1788017118,125000,https://www.automobile.tn/fr/occasion/volkswagen/passat/129766,66,35000,7 cv,Volkswagen Passat,Traction,
2010,Manuelle,,Prix très élevé,Essence,Nabeul,https://catalogue.automobile.tn/max/2026/08/129750_max.jpeg?t=1788018497,308000,https://www.automobile.tn/fr/occasion/mercedes-benz/classe-c/129750,67,46500,9 cv,Mercedes-Benz Classe C,Traction,
2018,Automatique,,Prix équitable,Essence,Tunis,https://catalogue.automobile.tn/max/2026/08/129525_max.jpeg?t=1787997353,166000,https://www.automobile.tn/fr/occasion/bmw/serie-4-gran-coupe/129525,67,92000,7 cv,BMW Série 4 Gran Coupé,Propulsion,
2022,Automatique,,Bon prix,Hybride,Ben Arous,https://catalogue.automobile.tn/max/2026/08/129742_max.jpeg?t=1787937931,55000,https://www.automobile.tn/fr/occasion/mercedes-benz/gla/129742,68,135000,8 cv,Mercedes-Benz GLA,Propulsion,
2011,Automatique,,Très bon prix,Essence,Tunis,https://catalogue.automobile.tn/max/2026/08/129743_max.jpeg?t=1788018796,143000,https://www.automobile.tn/fr/occasion/volkswagen/passat/129743,68,33000,9 cv,Volkswagen Passat,Traction,
2023,Automatique,,Prix équitable,Hybride,Tunis,https://catalogue.automobile.tn/max/2026/08/129724_max.jpeg?t=1787919982,38000,https://www.automobile.tn/fr/occasion/peugeot/3008/129724,69,93000,8 cv,Peugeot 3008,Traction,
2021,Automatique,,Aucune évaluation,Hybride,Nabeul,https://catalogue.automobile.tn/max/2026/08/129451_max.jpeg?t=1787913473,89000,https://www.automobile.tn/fr/occasion/opel/grandland/129451,69,74000,10 cv,Opel Grandland,Traction,
2009,Manuelle,,Aucune évaluation,Essence,Sousse,https://catalogue.automobile.tn/max/2026/08/129263_max.jpeg?t=1787853852,300000,https://www.automobile.tn/fr/occasion/alfa-romeo/mito/129263,70,19000,5 cv,Alfa Romeo Mito,Traction,
2009,Automatique,,Prix très élevé,Essence,Ariana,https://catalogue.automobile.tn/max/2026/08/129710_max.jpeg?t=1787911352,196000,https://www.automobile.tn/fr/occasion/volkswagen/golf-6/129710,70,40000,7 cv,Volkswagen Golf 6,Traction,
2024,Automatique,,Aucune évaluation,Diesel,Tunis,https://catalogue.automobile.tn/max/2026/05/126232_max.jpeg?t=1778156743,35000,https://www.automobile.tn/fr/occasion/mercedes-benz/classe-e/126232,71,350000,11 cv,Mercedes-Benz Classe E,Traction,
2014,Manuelle,,Aucune évaluation,Diesel,Ben Arous,https://catalogue.automobile.tn/max/2026/08/129699_max.jpeg?t=1787911466,195700,https://www.automobile.tn/fr/occasion/peugeot/boxer-plateau-double-cabine/129699,71,42000,7 cv,Peugeot Boxer Double Cabine,Traction,
2020,Automatique,,Aucune évaluation,Essence,Tunis,https://catalogue.automobile.tn/max/2026/08/129697_max.jpeg?t=1787822731,76000,https://www.automobile.tn/fr/occasion/mercedes-benz/glc/129697,72,155000,10 cv,Mercedes-Benz GLC,Traction,
2013,Automatique,,Aucune évaluation,Essence,Tunis,https://catalogue.automobile.tn/max/2026/07/128561_max.jpeg?t=1784813209,172000,https://www.automobile.tn/fr/occasion/toyota/prado/128561,72,148000,15 cv,Toyota Prado,Intégrale,
2022,Automatique,,Bon prix,Hybride,Tunis,https://catalogue.automobile.tn/max/2026/05/126510_max.jpeg?t=1778931357,114000,https://www.automobile.tn/fr/occasion/mercedes-benz/classe-c/126510,73,148000,9 cv,Mercedes-Benz Classe C,Propulsion,
2016,Automatique,,Aucune évaluation,Essence,Tunis,https://catalogue.automobile.tn/max/2025/12/121074_max.jpeg?t=1779096337,36000,https://www.automobile.tn/fr/occasion/ford/mustang/121074,73,208000,33 cv,Ford Mustang,Traction,
2021,Manuelle,,Prix équitable,Diesel,Ariana,https://catalogue.automobile.tn/max/2026/08/129684_max.jpeg?t=1787788342,40000,https://www.automobile.tn/fr/occasion/opel/combo/129684,74,50000,5 cv,Opel Combo Cargo,Traction,
2010,Manuelle,,Bon prix,Diesel,Ariana,https://catalogue.automobile.tn/max/2026/08/129685_max.jpeg?t=1787772317,214000,https://www.automobile.tn/fr/occasion/kia/sportage/129685,74,45000,10 cv,KIA Sportage,Intégrale,
2010,Automatique,,Très bon prix,Essence,Ben Arous,https://catalogue.automobile.tn/max/2026/08/129188_max.jpeg?t=1786439208,262000,https://www.automobile.tn/fr/occasion/mercedes-benz/classe-e-coupe/129188,75,43000,12 cv,Mercedes-Benz Classe E coupé,Propulsion,
2012,Automatique,,Prix très élevé,Essence,Ariana,https://catalogue.automobile.tn/max/2026/08/129672_max.jpeg?t=1787750764,203000,https://www.automobile.tn/fr/occasion/mercedes-benz/classe-e-coupe/129672,75,72000,20 cv,Mercedes-Benz Classe E coupé,Propulsion,
2023,Automatique,,Prix équitable,Diesel,Ariana,https://catalogue.automobile.tn/max/2026/08/129561_max.jpeg?t=1787788342,32000,https://www.automobile.tn/fr/occasion/toyota/hilux/129561,75,175000,8 cv,Toyota Hilux Double Cabine,Intégrale,
2021,Manuelle,,Prix très élevé,Essence,Ariana,https://catalogue.automobile.tn/max/2026/04/125885_max.jpeg?t=1780153100,120000,https://www.automobile.tn/fr/occasion/volkswagen/golf-8/125885,76,86000,6 cv,Volkswagen Golf 8,Traction,
2024,Automatique,,Prix très élevé,Essence,Ben Arous,https://catalogue.automobile.tn/max/2026/08/129610_max.jpeg?t=1787734891,100000,https://www.automobile.tn/fr/occasion/mg/one/129610,76,96300,10 cv,MG One,Traction,
2005,Automatique,,Aucune évaluation,Essence,Sfax,https://catalogue.automobile.tn/max/2026/08/129401_max.jpeg?t=1786991247,204000,https://www.automobile.tn/fr/occasion/mercedes-benz/classe-c/129401,77,30000,10 cv,Mercedes-Benz Classe C,Traction,
2025,Automatique,,Très bon prix,Electrique,Tunis,https://catalogue.automobile.tn/max/2026/08/129644_max.jpeg?t=1787741930,10000,https://www.automobile.tn/fr/occasion/mg/4/129644,77,75000,5 cv,MG 4,Propulsion,
2021,Automatique,,Bon prix,Diesel,Ben Arous,https://catalogue.automobile.tn/max/2026/08/129335_max.jpeg?t=1787741930,240000,https://www.automobile.tn/fr/occasion/ford/ranger/129335,77,92000,7 cv,Ford Ranger,Intégrale,
2021,Manuelle,,Prix équitable,Essence,Tunis,https://catalogue.automobile.tn/max/2026/03/124882_max.jpeg?t=1786357450,91000,https://www.automobile.tn/fr/occasion/chevrolet/sonic/124882,78,41000,5 cv,Chevrolet Sonic,Traction,
2021,Manuelle,,Prix élevé,Diesel,Ben Arous,https://catalogue.automobile.tn/max/2026/08/129630_max.jpeg?t=1787649946,130000,https://www.automobile.tn/fr/occasion/great-wall/poer/129630,78,80000,11 cv,GWM Poer MT,Intégrale,
2025,Automatique,,Aucune évaluation,Electrique,Tunis,https://catalogue.automobile.tn/max/2026/07/128281_max.jpeg?t=1783941985,2000,https://www.automobile.tn/fr/occasion/byd/sealion-7/128281,79,150000,5 cv,BYD Sealion 7,Propulsion,
2022,Automatique,,Très bon prix,Hybride,Sousse,https://catalogue.automobile.tn/max/2026/07/128423_max.jpeg?t=1785666794,59000,https://www.automobile.tn/fr/occasion/porsche/cayenne-coupe/128423,79,279900,22 cv,Porsche Cayenne Coupé,Intégrale,
2017,Automatique,,Aucune évaluation,Essence,Tunis,https://catalogue.automobile.tn/max/2026/08/129287_max.jpeg?t=1786699958,126745,https://www.automobile.tn/fr/occasion/mercedes-benz/gle/129287,80,228000,23 cv,Mercedes-Benz GLE,Intégrale,
2018,Automatique,,Très bon prix,Essence,Ariana,https://catalogue.automobile.tn/max/2026/08/128849_max.jpeg?t=1787571566,108000,https://www.automobile.tn/fr/occasion/volkswagen/tiguan/128849,80,73000,8 cv,Volkswagen Tiguan,Traction,
2022,Automatique,,Bon prix,Hybride,Nabeul,https://catalogue.automobile.tn/max/2026/06/127720_max.jpeg?t=1782379554,80000,https://www.automobile.tn/fr/occasion/mercedes-benz/gla/127720,81,137000,8 cv,Mercedes-Benz GLA,Traction,
2023,Automatique,,Prix équitable,Hybride,Nabeul,https://catalogue.automobile.tn/max/2026/07/128128_max.jpeg?t=1783509975,80000,https://www.automobile.tn/fr/occasion/volkswagen/tiguan/128128,81,119000,8 cv,Volkswagen Tiguan,Traction,
2008,Manuelle,,Prix équitable,Essence,Tunis,https://catalogue.automobile.tn/max/2026/08/129590_max.jpeg?t=1787540718,303000,https://www.automobile.tn/fr/occasion/peugeot/206-berline/129590,82,19000,5 cv,Peugeot 206 Berline,Traction,
2019,Automatique,,Aucune évaluation,Diesel,Tunis,https://catalogue.automobile.tn/max/2026/08/129591_max.jpeg?t=1787509535,178000,https://www.automobile.tn/fr/occasion/opel/insignia/129591,82,68000,7 cv,Opel Insignia,Traction,
2014,Manuelle,,Prix équitable,Essence,Mahdia,https://catalogue.automobile.tn/max/2026/08/129575_max.jpeg?t=1787448327,213000,https://www.automobile.tn/fr/occasion/fiat/punto-easy/129575,83,21500,4 cv,Fiat Punto,Traction,
2023,Automatique,,Très bon prix,Essence,Tunis,https://catalogue.automobile.tn/max/2026/08/129579_max.jpeg?t=1787540801,57000,https://www.automobile.tn/fr/occasion/great-wall/h6/129579,83,80000,8 cv,GWM Haval H6,Traction,
2024,Manuelle,,Très bon prix,Essence,Tunis,https://catalogue.automobile.tn/max/2026/08/129564_max.jpeg?t=1787540389,71000,https://www.automobile.tn/fr/occasion/mahindra/xuv-300/129564,84,48000,6 cv,Mahindra XUV 300,Traction,
2015,Manuelle,,Bon prix,Diesel,Sousse,https://catalogue.automobile.tn/max/2026/08/129565_max.jpeg?t=1787540864,150000,https://www.automobile.tn/fr/occasion/volkswagen/caddy/129565,84,35000,5 cv,Volkswagen Caddy,Intégrale,
2002,Manuelle,,Aucune évaluation,Essence,Jendouba,https://catalogue.automobile.tn/max/2026/08/129547_max.jpeg?t=1787540895,390000,https://www.automobile.tn/fr/occasion/opel/astra/129547,85,18500,5 cv,Opel Astra,Propulsion,
2023,Automatique,,Bon prix,Hybride,Sousse,https://catalogue.automobile.tn/max/2026/08/128973_max.jpeg?t=1787386625,158500,https://www.automobile.tn/fr/occasion/volkswagen/tiguan/128973,85,95000,8 cv,Volkswagen Tiguan,Traction,
2021,Automatique,,Prix équitable,Hybride,Gabès,https://catalogue.automobile.tn/max/2026/08/128988_max.jpeg?t=1787320846,122000,https://www.automobile.tn/fr/occasion/volkswagen/golf-8/128988,86,91000,7 cv,Volkswagen Golf 8,Traction,
2016,Manuelle,,Prix équitable,Essence,Ariana,https://catalogue.automobile.tn/max/2026/08/129531_max.jpeg?t=1787324557,109000,https://www.automobile.tn/fr/occasion/ford/focus-berline/129531,86,41500,6 cv,Ford Focus sedan,Traction,
2019,Automatique,,Prix équitable,Essence,Tunis,https://catalogue.automobile.tn/max/2026/08/129518_max.jpeg?t=1787320918,73884,https://www.automobile.tn/fr/occasion/great-wall/h2/129518,87,63000,9 cv,GWM Haval H2,Traction,
2022,Automatique,,Prix élevé,Essence,Ariana,https://catalogue.automobile.tn/max/2026/08/129519_max.jpeg?t=1787320911,60000,https://www.automobile.tn/fr/occasion/audi/q3-sportback/129519,87,155000,9 cv,Audi Q3 Sportback,Traction,
2026,Automatique,,Prix élevé,Hybride,Siliana,https://catalogue.automobile.tn/max/2026/08/129006_max.jpeg?t=1787253435,2000,https://www.automobile.tn/fr/occasion/byd/song-plus/129006,88,120000,5 cv,BYD Song Plus,Traction,
2022,Manuelle,,Prix équitable,Diesel,Ariana,https://catalogue.automobile.tn/max/2026/08/129141_max.jpeg?t=1787253763,116022,https://www.automobile.tn/fr/occasion/fiat/fiorino/129141,88,35500,5 cv,Fiat Fiorino,Traction,
2020,Automatique,,Aucune évaluation,Essence,Ben Arous,https://catalogue.automobile.tn/max/2026/04/125204_max.jpeg?t=1775600818,80000,https://www.automobile.tn/fr/occasion/land-rover/range-rover-evoque/125204,89,138000,13 cv,Land Rover Range Rover Evoque,Intégrale,
2023,Automatique,,Aucune évaluation,Hybride,Ben Arous,https://catalogue.automobile.tn/max/2026/07/128554_max.jpeg?t=1784842002,65000,https://www.automobile.tn/fr/occasion/toyota/c-hr/128554,89,92000,8 cv,Toyota C-HR,Traction,
2024,Manuelle,,Prix équitable,Essence,Ariana,https://catalogue.automobile.tn/max/2026/06/127672_max.jpeg?t=1787175344,29000,https://www.automobile.tn/fr/occasion/renault/clio/127672,90,60000,6 cv,Renault Clio,Traction,
2023,Automatique,,Aucune évaluation,Hybride,Médenine,https://catalogue.automobile.tn/max/2026/08/129480_max.jpeg?t=1787221572,26000,https://www.automobile.tn/fr/occasion/mercedes-benz/glc-coupe/129480,90,388000,19 cv,Mercedes-Benz GLC Coupé,Intégrale,
2011,Manuelle,,Aucune évaluation,Essence,Tunis,https://catalogue.automobile.tn/max/2026/08/129464_max.jpeg?t=1787151738,166245,https://www.automobile.tn/fr/occasion/volvo/s40/129464,91,32000,7 cv,Volvo S40,Traction,
2015,Automatique,,Aucune évaluation,Diesel,Gabès,https://catalogue.automobile.tn/max/2026/08/129465_max.jpeg?t=1787152639,184000,https://www.automobile.tn/fr/occasion/mercedes-benz/gla/129465,91,78500,7 cv,Mercedes-Benz GLA,Intégrale,
2021,Automatique,,Très bon prix,Hybride,Ariana,https://catalogue.automobile.tn/max/2026/08/129444_max.jpeg?t=1787081135,75000,https://www.automobile.tn/fr/occasion/volkswagen/golf-8/129444,92,87000,8 cv,Volkswagen Golf 8,Traction,
2024,Manuelle,,Prix équitable,Diesel,Ben Arous,https://catalogue.automobile.tn/max/2026/08/129445_max.jpeg?t=1787080364,72545,https://www.automobile.tn/fr/occasion/peugeot/partner/129445,92,49000,5 cv,Peugeot Partner,Traction,
2017,Manuelle,,Prix équitable,Essence,Ben Arous,https://catalogue.automobile.tn/max/2026/08/129423_max.jpeg?t=1787063118,86000,https://www.automobile.tn/fr/occasion/renault/clio/129423,93,42500,4 cv,Renault Clio,Traction,
2023,Automatique,,Bon prix,Hybride,Ariana,https://catalogue.automobile.tn/max/2026/06/127453_max.jpeg?t=1787050481,94000,https://www.automobile.tn/fr/occasion/mg/ehs/127453,93,81000,8 cv,MG e-HS,Traction,
2010,Manuelle,,Prix équitable,Diesel,Nabeul,https://catalogue.automobile.tn/max/2026/08/129408_max.jpeg?t=1786994724,138300,https://www.automobile.tn/fr/occasion/mercedes-benz/classe-c/129408,94,55000,6 cv,Mercedes-Benz Classe C,Propulsion,
2020,Automatique,,Prix très élevé,Essence,Béja,https://catalogue.automobile.tn/max/2026/08/129409_max.jpeg?t=1786999448,90000,https://www.automobile.tn/fr/occasion/peugeot/2008/129409,94,70000,8 cv,Peugeot 2008,Traction,
2025,Automatique,,Prix très élevé,Electrique,Tunis,https://catalogue.automobile.tn/max/2026/08/129386_max.jpeg?t=1786973549,20000,https://www.automobile.tn/fr/occasion/porsche/macan/129386,95,280000,9 cv,Porsche Macan,Propulsion,
2017,Manuelle,,Prix équitable,Essence,Ariana,https://catalogue.automobile.tn/max/2026/06/127824_max.jpeg?t=1784186376,170000,https://www.automobile.tn/fr/occasion/alfa-romeo/mito/127824,95,33500,5 cv,Alfa Romeo Mito,Traction,
2019,Manuelle,,Prix équitable,Essence,Ben Arous,https://catalogue.automobile.tn/max/2026/08/129375_max.jpeg?t=1786956527,94000,https://www.automobile.tn/fr/occasion/peugeot/208/129375,96,29500,4 cv,Peugeot 208,Traction,
2023,Manuelle,,Prix équitable,Diesel,Tunis,https://catalogue.automobile.tn/max/2026/07/128412_max.jpeg?t=1787081120,134000,https://www.automobile.tn/fr/occasion/peugeot/expert/128412,96,55000,9 cv,Peugeot Expert,Traction,
2019,Manuelle,,Prix équitable,Essence,Ariana,https://catalogue.automobile.tn/max/2026/08/129357_max.jpeg?t=1786883184,151000,https://www.automobile.tn/fr/occasion/ford/ecosport/129357,97,49000,7 cv,Ford Ecosport,Traction,
2012,Manuelle,,Bon prix,Essence,Sousse,https://catalogue.automobile.tn/max/2026/08/129359_max.jpeg?t=1786956701,193000,https://www.automobile.tn/fr/occasion/kia/rio-5p/129359,97,31000,5 cv,KIA Rio 5p,Traction,
2022,Automatique,,Aucune évaluation,Diesel,Médenine,https://catalogue.automobile.tn/max/2026/08/129340_max.jpeg?t=1786821929,127114,https://www.automobile.tn/fr/occasion/peugeot/308/129340,98,85000,7 cv,Peugeot 308,Propulsion,
2023,Automatique,,Aucune évaluation,Essence,Ben Arous,https://catalogue.automobile.tn/max/2026/08/128653_max.jpeg?t=1786831982,110000,https://www.automobile.tn/fr/occasion/great-wall/jolion/128653,98,69000,9 cv,GWM Haval Jolion,Traction,
2022,Manuelle,,Prix élevé,Essence,Ariana,https://catalogue.automobile.tn/max/2026/06/127584_max.jpeg?t=1785512431,29300,https://www.automobile.tn/fr/occasion/kia/rio-5p/127584,99,60000,5 cv,KIA Rio 5p,Traction,
2016,Manuelle,,Prix équitable,Essence,Sousse,https://catalogue.automobile.tn/max/2026/08/129317_max.jpeg?t=1786812388,200000,https://www.automobile.tn/fr/occasion/kia/rio/129317,99,35000,5 cv,KIA Rio Berline,Traction,
2021,Automatique,,Prix équitable,Hybride,Monastir,https://catalogue.automobile.tn/max/2026/08/129286_max.jpeg?t=1786699594,125000,https://www.automobile.tn/fr/occasion/hyundai/tucson/129286,100,117000,7 cv,Hyundai Tucson,Intégrale,
2013,Manuelle,,Bon prix,Essence,Ben Arous,https://catalogue.automobile.tn/max/2026/08/129242_max.jpeg?t=1787081120,110000,https://www.automobile.tn/fr/occasion/opel/corsa/129242,100,30000,5 cv,Opel Corsa,Traction,
2022,Automatique,,Bon prix,Essence,Tunis,https://catalogue.automobile.tn/max/2026/07/128512_max.jpeg?t=1786641464,70000,https://www.automobile.tn/fr/occasion/toyota/corolla-5p/128512,101,65000,6 cv,Toyota Corolla,Traction,
2020,Manuelle,,Bon prix,Essence,Sousse,https://catalogue.automobile.tn/max/2026/08/128953_max.jpeg?t=1785859905,130000,https://www.automobile.tn/fr/occasion/kia/rio-5p/128953,101,43500,5 cv,KIA Rio 5p,Traction,
2018,Automatique,,Prix élevé,Essence,Mahdia,https://catalogue.automobile.tn/max/2026/06/127213_max.jpeg?t=1780957522,115000,https://www.automobile.tn/fr/occasion/renault/kadjar/127213,102,65000,7 cv,Renault Kadjar,Traction,
2013,Manuelle,,Bon prix,Essence,Tunis,https://catalogue.automobile.tn/max/2026/08/129261_max.jpeg?t=1786714683,190000,https://www.automobile.tn/fr/occasion/mercedes-benz/classe-c/129261,102,52000,9 cv,Mercedes-Benz Classe C,Propulsion,
2023,Automatique,,Bon prix,Essence,Mahdia,https://catalogue.automobile.tn/max/2026/08/129238_max.jpeg?t=1786614947,35000,https://www.automobile.tn/fr/occasion/volkswagen/golf-8/129238,103,120000,8 cv,Volkswagen Golf 8,Traction,
2020,Automatique,,Aucune évaluation,Diesel,Ben Arous,https://catalogue.automobile.tn/max/2026/08/129239_max.jpeg?t=1786614873,200000,https://www.automobile.tn/fr/occasion/mazda/3/129239,103,60000,6 cv,Mazda 3,Traction,
2017,Automatique,,Prix élevé,Essence,Nabeul,https://catalogue.automobile.tn/max/2026/07/128250_max.jpeg?t=1783888874,90000,https://www.automobile.tn/fr/occasion/bmw/serie-3/128250,104,89000,7 cv,BMW Série 3,Propulsion,
2001,Manuelle,,Aucune évaluation,Essence,Ben Arous,https://catalogue.automobile.tn/max/2026/08/129197_max.jpeg?t=1786447743,400000,https://www.automobile.tn/fr/occasion/opel/astra/129197,104,19000,5 cv,Opel Astra,Propulsion,
2018,Automatique,,Bon prix,Diesel,Sfax,https://catalogue.automobile.tn/max/2026/08/129195_max.jpeg?t=1786447557,107600,https://www.automobile.tn/fr/occasion/mercedes-benz/classe-a/129195,105,90000,6 cv,Mercedes-Benz Classe A,Traction,
2019,Automatique,,Prix équitable,Essence,Ariana,https://catalogue.automobile.tn/max/2026/08/129198_max.jpeg?t=1786450655,139500,https://www.automobile.tn/fr/occasion/hyundai/tucson/129198,105,77500,8 cv,Hyundai Tucson,Traction,
2017,Manuelle,,Bon prix,Essence,Tunis,https://catalogue.automobile.tn/max/2026/07/128660_max.jpeg?t=1786375905,152000,https://www.automobile.tn/fr/occasion/volkswagen/passat/128660,106,60000,7 cv,Volkswagen Passat,Traction,
2012,Automatique,,Très bon prix,Diesel,Monastir,https://catalogue.automobile.tn/max/2026/06/127167_max.jpeg?t=1780859075,246000,https://www.automobile.tn/fr/occasion/peugeot/508/127167,106,34500,6 cv,Peugeot 508,Traction,
2010,Manuelle,,Prix équitable,Essence,Sfax,https://catalogue.automobile.tn/max/2026/08/129174_max.jpeg?t=1786387311,104000,https://www.automobile.tn/fr/occasion/kia/picanto/129174,107,26000,4 cv,KIA Picanto,Traction,
2016,Manuelle,,Bon prix,Essence,Tunis,https://catalogue.automobile.tn/max/2026/07/128486_max.jpeg?t=1784711274,171633,https://www.automobile.tn/fr/occasion/kia/rio-5p/128486,107,34500,5 cv,KIA Rio 5p,Traction,
2014,Manuelle,,Prix élevé,Essence,Nabeul,https://catalogue.automobile.tn/max/2026/08/129035_max.jpeg?t=1786291700,140000,https://www.automobile.tn/fr/occasion/volkswagen/golf-7/129035,108,49000,5 cv,Volkswagen Golf 7,Traction,
2019,Automatique,,Prix équitable,Essence,Nabeul,https://catalogue.automobile.tn/max/2026/08/129156_max.jpeg?t=1786354772,153000,https://www.automobile.tn/fr/occasion/bmw/x1/129156,108,80000,8 cv,BMW X1,Traction,
2022,Automatique,,Aucune évaluation,Hybride,Sousse,https://catalogue.automobile.tn/max/2026/08/129130_max.jpeg?t=1786206086,55000,https://www.automobile.tn/fr/occasion/kia/niro/129130,109,115000,5 cv,KIA Niro Hybride,Traction,
2021,Automatique,,Prix élevé,Essence,Sfax,https://catalogue.automobile.tn/max/2026/08/129131_max.jpeg?t=1786206355,98500,https://www.automobile.tn/fr/occasion/toyota/corolla-5p/129131,109,69000,6 cv,Toyota Corolla,Traction,
2015,Manuelle,,Prix équitable,Essence,Ariana,https://catalogue.automobile.tn/max/2026/08/129095_max.jpeg?t=1786261958,81000,https://www.automobile.tn/fr/occasion/lancia/ypsilon/129095,110,31000,4 cv,Lancia Ypsilon,Traction,
2022,Automatique,,Prix très élevé,Essence,Ariana,https://catalogue.automobile.tn/max/2026/08/129097_max.jpeg?t=1786148856,167000,https://www.automobile.tn/fr/occasion/dongfeng/ax4/129097,110,52000,7 cv,Dongfeng AX4,Traction,
2012,Manuelle,,Prix équitable,Essence,Tunis,https://catalogue.automobile.tn/max/2026/08/129074_max.jpeg?t=1786095040,155000,https://www.automobile.tn/fr/occasion/chevrolet/aveo/129074,111,25000,5 cv,Chevrolet Aveo,Traction,
2022,Automatique,,Aucune évaluation,Electrique,Ben Arous,https://catalogue.automobile.tn/max/2026/08/129075_max.jpeg?t=1786094948,32000,https://www.automobile.tn/fr/occasion/tesla/model-y/129075,111,140000,9 cv,Tesla Model Y,Intégrale,
2012,Manuelle,,Très bon prix,Essence,Béja,https://catalogue.automobile.tn/max/2026/08/128979_max.jpeg?t=1785999010,170000,https://www.automobile.tn/fr/occasion/volkswagen/polo/128979,112,24000,5 cv,Volkswagen Polo,Traction,
2018,Automatique,,Prix équitable,Essence,Ariana,https://catalogue.automobile.tn/max/2026/08/129051_max.jpeg?t=1786015672,166000,https://www.automobile.tn/fr/occasion/toyota/c-hr/129051,112,63000,6 cv,Toyota C-HR,Traction,
2021,Manuelle,,Prix équitable,Essence,Tunis,https://catalogue.automobile.tn/max/2026/08/128998_max.jpeg?t=1785885949,105000,https://www.automobile.tn/fr/occasion/kia/rio-5p/128998,113,55000,5 cv,KIA Rio 5p,Traction,
2013,Automatique,,Prix équitable,Essence,Sfax,https://catalogue.automobile.tn/max/2026/08/129000_max.jpeg?t=1785893143,270000,https://www.automobile.tn/fr/occasion/bmw/serie-5/129000,113,65000,11 cv,BMW Série 5,Traction,
2020,Automatique,,Bon prix,Essence,Tunis,https://catalogue.automobile.tn/max/2026/08/128952_max.jpeg?t=1785856858,214000,https://www.automobile.tn/fr/occasion/mg/hs/128952,114,52000,10 cv,MG HS,Traction,
2015,Manuelle,,Aucune évaluation,Diesel,Bizerte,https://catalogue.automobile.tn/max/2026/08/128956_max.jpeg?t=1785856638,90000,https://www.automobile.tn/fr/occasion/mercedes-benz/cla/128956,114,82000,7 cv,Mercedes-Benz CLA,Traction,
2009,Manuelle,,Prix très élevé,Diesel,Médenine,https://catalogue.automobile.tn/max/2026/05/126332_max.jpeg?t=1783086815,472000,https://www.automobile.tn/fr/occasion/citroen/c5/126332,115,28000,6 cv,Citroën C5,Traction,
2017,Automatique,,Bon prix,Essence,Ben Arous,https://catalogue.automobile.tn/max/2026/07/128520_max.jpeg?t=1785068441,133000,https://www.automobile.tn/fr/occasion/nissan/qashqai/128520,115,56000,6 cv,Nissan Qashqai,Traction,
2024,Manuelle,,Aucune évaluation,Essence,Tunis,https://catalogue.automobile.tn/max/2026/07/128806_max.jpeg?t=1785665463,60000,https://www.automobile.tn/fr/occasion/mahindra/kuv-100/128806,116,54300,5 cv,Mahindra KUV 100,Traction,
2026,Automatique,,Aucune évaluation,Hybride,Tunis,https://catalogue.automobile.tn/max/2026/07/128606_max.jpeg?t=1784921153,3000,https://www.automobile.tn/fr/occasion/audi/a5-sportback/128606,116,199000,12 cv,Audi A5 Sportback,Propulsion,
2020,Automatique,,Prix équitable,Essence,Tunis,https://catalogue.automobile.tn/max/2026/06/127852_max.jpeg?t=1784161790,150000,https://www.automobile.tn/fr/occasion/toyota/c-hr/127852,117,69000,6 cv,Toyota C-HR,Traction,
2021,Manuelle,,Prix équitable,Essence,Sfax,https://catalogue.automobile.tn/max/2026/08/128872_max.jpeg?t=1785612329,56000,https://www.automobile.tn/fr/occasion/hyundai/grand-i10/128872,117,41000,4 cv,Hyundai Grand i10,Traction,
2018,Manuelle,,Prix équitable,Essence,Tunis,https://catalogue.automobile.tn/max/2026/08/128851_max.jpeg?t=1785857857,139000,https://www.automobile.tn/fr/occasion/volkswagen/golf-7/128851,118,65000,6 cv,Volkswagen Golf 7,Traction,
2016,Automatique,,Prix équitable,Essence,Ben Arous,https://catalogue.automobile.tn/max/2026/07/126129_max.jpeg?t=1784359782,142000,https://www.automobile.tn/fr/occasion/audi/a5-sportback/126129,118,67000,10 cv,Audi A5 Sportback,Traction,
2021,Automatique,,Très bon prix,Hybride,Tunis,https://catalogue.automobile.tn/max/2026/07/128823_max.jpeg?t=1785857946,110000,https://www.automobile.tn/fr/occasion/mercedes-benz/cla/128823,119,107000,8 cv,Mercedes-Benz CLA,Traction,
2011,Automatique,,Aucune évaluation,Diesel,Sousse,https://catalogue.automobile.tn/max/2026/07/128826_max.jpeg?t=1785857932,270000,https://www.automobile.tn/fr/occasion/citroen/c5/128826,119,31000,6 cv,Citroën C5,Traction,
2015,Automatique,,Aucune évaluation,Diesel,Médenine,https://catalogue.automobile.tn/max/2026/07/128786_max.jpeg?t=1785446777,167000,https://www.automobile.tn/fr/occasion/peugeot/308/128786,120,52000,7 cv,Peugeot 308,Traction,
2010,Manuelle,,Aucune évaluation,Essence,Tunis,https://catalogue.automobile.tn/max/2026/07/128796_max.jpeg?t=1785425155,168600,https://www.automobile.tn/fr/occasion/ford/fusion/128796,120,25500,5 cv,Ford Fusion,Traction,
2022,Manuelle,,Prix équitable,Diesel,Ariana,https://catalogue.automobile.tn/max/2026/07/128755_max.jpeg?t=1785332212,160000,https://www.automobile.tn/fr/occasion/fiat/fiorino/128755,121,31000,5 cv,Fiat Fiorino,Traction,
2022,Manuelle,,Prix équitable,Diesel,Ariana,https://catalogue.automobile.tn/max/2026/07/128756_max.jpeg?t=1785332196,130000,https://www.automobile.tn/fr/occasion/fiat/fiorino/128756,121,33000,5 cv,Fiat Fiorino,Traction,
2021,Manuelle,,Prix très élevé,Essence,Monastir,https://catalogue.automobile.tn/max/2026/07/128726_max.jpeg?t=1785312521,46000,https://www.automobile.tn/fr/occasion/suzuki/dzire/128726,122,52000,5 cv,Suzuki Dzire,Traction,
2023,Automatique,,Très bon prix,Hybride,Médenine,https://catalogue.automobile.tn/max/2026/07/128728_max.jpeg?t=1785263132,92000,https://www.automobile.tn/fr/occasion/audi/q5/128728,122,160000,16 cv,Audi Q5,Intégrale,
1999,Manuelle,,Aucune évaluation,Essence,Tunis,https://catalogue.automobile.tn/max/2026/07/128687_max.jpeg?t=1785239772,406000,https://www.automobile.tn/fr/occasion/suzuki/jimny/128687,123,36000,6 cv,Suzuki Jimny 3 portes,Intégrale,
2014,Manuelle,,Prix élevé,Diesel,Ariana,https://catalogue.automobile.tn/max/2026/07/128688_max.jpeg?t=1785176726,140000,https://www.automobile.tn/fr/occasion/hyundai/ix35/128688,123,65000,6 cv,Hyundai ix35,Intégrale,
2019,Automatique,,Très bon prix,Essence,Nabeul,https://catalogue.automobile.tn/max/default_occas.jpg?t=1788104632,115000,https://www.automobile.tn/fr/occasion/audi/q3/129787,124,88000,8 cv,Audi Q3,Traction,
2011,Manuelle,,Très bon prix,Diesel,Tozeur,https://catalogue.automobile.tn/max/default_occas.jpg?t=1788117198,370000,https://www.automobile.tn/fr/occasion/citroen/c5/129789,124,22000,6 cv,Citroën C5,Traction,
2022,Manuelle,,Très bon prix,Essence,Sousse,https://catalogue.automobile.tn/max/default_occas.jpg?t=1787041787,238000,https://www.automobile.tn/fr/occasion/volkswagen/polo/129419,125,38000,4 cv,Volkswagen Polo,Propulsion,
2023,Automatique,,Très bon prix,Hybride,Gabès,https://catalogue.automobile.tn/max/default_occas.jpg?t=1787077205,70000,https://www.automobile.tn/fr/occasion/cupra/formentor/129448,125,105000,8 cv,Cupra Formentor,Traction,
2017,Manuelle,,Prix très élevé,Essence,Tunis,https://catalogue.automobile.tn/max/default_occas.jpg?t=1785578235,60000,https://www.automobile.tn/fr/occasion/opel/corsa-3p/128852,126,35000,5 cv,Opel Corsa 3p,Traction,
2002,Manuelle,,Aucune évaluation,Essence,Le Kef,https://catalogue.automobile.tn/max/default_occas.jpg?t=1785591208,370000,https://www.automobile.tn/fr/occasion/opel/astra/128859,126,21000,5 cv,Opel Astra,Traction,
2012,Manuelle,,Prix très élevé,Essence,Tunis,https://catalogue.automobile.tn/max/default_occas.jpg?t=1785157643,145000,https://www.automobile.tn/fr/occasion/volkswagen/golf-6/128671,127,55000,12 cv,Volkswagen Golf 6,Traction,
2025,Automatique,,Bon prix,Essence,Tunis,https://catalogue.automobile.tn/max/default_occas.jpg?t=1787081120,12500,https://www.automobile.tn/fr/occasion/skoda/octavia/128680,127,115000,8 cv,Skoda Octavia,Traction,
2014,Manuelle,,Prix élevé,Essence,Tunis,https://catalogue.automobile.tn/max/default_occas.jpg?t=1785232672,65000,https://www.automobile.tn/fr/occasion/bmw/serie-3/128698,127,70000,7 cv,BMW Série 3,Propulsion,
2022,Automatique,,Prix équitable,Hybride,Nabeul,https://catalogue.automobile.tn/max/default_occas.jpg?t=1785327995,50000,https://www.automobile.tn/fr/occasion/mercedes-benz/classe-c/128757,127,155000,9 cv,Mercedes-Benz Classe C,Propulsion,
2020,Manuelle,,Prix élevé,Essence,Monastir,https://catalogue.automobile.tn/max/default_occas.jpg?t=1785493817,162000,https://www.automobile.tn/fr/occasion/seat/ibiza/128822,127,43500,4 cv,Seat Ibiza,Traction,
2019,Manuelle,,Prix très élevé,Essence,Sfax,https://catalogue.automobile.tn/max/default_occas.jpg?t=1785497294,56000,https://www.automobile.tn/fr/occasion/mitsubishi/mirage/128828,127,35000,4 cv,Mitsubishi Mirage,Traction,
1972,Manuelle,,Aucune évaluation,Essence,Tunis,https://catalogue.automobile.tn/max/default_occas.jpg?t=1785515716,1000,https://www.automobile.tn/fr/occasion/volkswagen/kafer/128240,127,15000,7 cv,Volkswagen Käfer,Propulsion,
2017,Manuelle,,Prix équitable,Essence,Ariana,https://catalogue.automobile.tn/max/default_occas.jpg?t=1785595158,32500,https://www.automobile.tn/fr/occasion/mg/3/128862,126,37500,5 cv,MG 3,Traction,
2005,Manuelle,,Bon prix,Essence,Sousse,https://catalogue.automobile.tn/max/default_occas.jpg?t=1785689089,310000,https://www.automobile.tn/fr/occasion/fiat/siena/128740,126,15000,5 cv,Fiat Siena,Traction,
2017,Manuelle,,Très bon prix,Essence,Ariana,https://catalogue.automobile.tn/max/default_occas.jpg?t=1785835195,205000,https://www.automobile.tn/fr/occasion/seat/ibiza/128968,126,24000,4 cv,Seat Ibiza,Traction,
2019,Automatique,,Prix très élevé,Diesel,Sfax,https://catalogue.automobile.tn/max/default_occas.jpg?t=1783341435,180000,https://www.automobile.tn/fr/occasion/volkswagen/amarok/128063,126,140000,10 cv,Volkswagen Amarok,Intégrale,
2020,Automatique,,Très bon prix,Essence,Sfax,https://catalogue.automobile.tn/max/default_occas.jpg?t=1786272062,31000,https://www.automobile.tn/fr/occasion/peugeot/3008/129142,126,75000,9 cv,Peugeot 3008,Traction,
2017,Manuelle,,Aucune évaluation,Essence,Sfax,https://catalogue.automobile.tn/max/default_occas.jpg?t=1786352421,180000,https://www.automobile.tn/fr/occasion/hyundai/i10/129168,126,40000,5 cv,Hyundai i10,Traction,
2002,Manuelle,,Aucune évaluation,Diesel,Béja,https://catalogue.automobile.tn/max/default_occas.jpg?t=1786452069,180000,https://www.automobile.tn/fr/occasion/peugeot/expert-combi/129205,126,35000,7 cv,Peugeot Expert Combi,Traction,
2018,Manuelle,,Prix élevé,Essence,Ariana,https://catalogue.automobile.tn/max/default_occas.jpg?t=1786478302,65000,https://www.automobile.tn/fr/occasion/mahindra/kuv-100/129222,126,30000,5 cv,Mahindra KUV 100,Traction,
2022,Automatique,,Prix équitable,Hybride,Sousse,https://catalogue.automobile.tn/max/default_occas.jpg?t=1786618934,77000,https://www.automobile.tn/fr/occasion/volkswagen/tiguan/129262,126,127000,8 cv,Volkswagen Tiguan,Traction,
2018,Automatique,,Très bon prix,Essence,Tunis,https://catalogue.automobile.tn/max/default_occas.jpg?t=1786809951,120000,https://www.automobile.tn/fr/occasion/ford/ecosport/129333,126,45000,8 cv,Ford Ecosport,Traction,
2021,Manuelle,,Prix équitable,Essence,Ariana,https://catalogue.automobile.tn/max/default_occas.jpg?t=1787223873,175000,https://www.automobile.tn/fr/occasion/seat/arona/129493,125,55000,6 cv,Seat Arona,Traction,
2024,Manuelle,,Aucune évaluation,Hybride,Sfax,https://catalogue.automobile.tn/max/default_occas.jpg?t=1787587524,64000,https://www.automobile.tn/fr/occasion/kia/stonic/129494,125,80000,6 cv,KIA Stonic,Traction,
2026,Automatique,,Très bon prix,Diesel,Sousse,https://catalogue.automobile.tn/max/default_occas.jpg?t=1787400319,1,https://www.automobile.tn/fr/occasion/toyota/hilux/129554,125,210000,4 cv,Toyota Hilux Double Cabine,Intégrale,
2002,Manuelle,,Aucune évaluation,Essence,Gafsa,https://catalogue.automobile.tn/max/default_occas.jpg?t=1787746434,280000,https://www.automobile.tn/fr/occasion/opel/zafira/129669,125,20000,8 cv,Opel Zafira,Intégrale,
2016,Manuelle,,Prix équitable,Essence,Ariana,https://catalogue.automobile.tn/max/default_occas.jpg?t=1787821979,135000,https://www.automobile.tn/fr/occasion/volkswagen/golf-7/127797,125,54000,5 cv,Volkswagen Golf 7,Traction,
2024,Automatique,,Prix équitable,Hybride,Tunis,https://catalogue.automobile.tn/max/default_occas.jpg?t=1787856357,50000,https://www.automobile.tn/fr/occasion/toyota/rav-4/129711,125,150000,9 cv,Toyota RAV 4,Traction,
2019,Manuelle,,Prix équitable,Essence,Tunis,https://catalogue.automobile.tn/max/default_occas.jpg?t=1787995314,131000,https://www.automobile.tn/fr/occasion/peugeot/308/128819,125,39000,6 cv,Peugeot 308,Traction,
2017,Manuelle,,Bon prix,Essence,Sfax,https://catalogue.automobile.tn/max/default_occas.jpg?t=1788000796,145000,https://www.automobile.tn/fr/occasion/mazda/2-sedan/129758,125,33000,6 cv,Mazda 2 Sedan,Traction,
2021,Manuelle,,Prix équitable,Essence,Ben Arous,https://catalogue.automobile.tn/max/default_occas.jpg?t=1788016455,49000,https://www.automobile.tn/fr/occasion/geely/gx3/129767,125,47000,6 cv,Geely GX3,Traction,
2018,Manuelle,,Prix équitable,Essence,Tunis,https://catalogue.automobile.tn/max/default_occas.jpg?t=1788109241,89000,https://www.automobile.tn/fr/occasion/ford/ecosport/129785,125,49000,7 cv,Ford Ecosport,Traction,
2021,Manuelle,,Bon prix,Diesel,Nabeul,https://catalogue.automobile.tn/max/default_occas.jpg?t=1788239022,80000,https://www.automobile.tn/fr/occasion/peugeot/partner/129825,124,50000,5 cv,Peugeot Partner,Traction,
2022,Automatique,,Aucune évaluation,Essence,Tunis,https://catalogue.automobile.tn/max/default_occas.jpg?t=1786979538,60000,https://www.automobile.tn/fr/occasion/volkswagen/golf-8/129392,124,180000,14 cv,Volkswagen Golf 8,Traction,
2021,Manuelle,,Bon prix,Essence,Ben Arous,https://catalogue.automobile.tn/max/default_occas.jpg?t=1788341751,190000,https://www.automobile.tn/fr/occasion/ford/ecosport/129859,124,45000,7 cv,Ford Ecosport,Traction,
2002,Automatique,,Aucune évaluation,Diesel,Ariana,https://catalogue.automobile.tn/max/default_occas.jpg?t=1788433874,455000,https://www.automobile.tn/fr/occasion/mitsubishi/pajero/129904,124,75000,12 cv,Mitsubishi Pajero,Intégrale,
2023,Automatique,,Prix équitable,Essence,Tunis,https://catalogue.automobile.tn/max/default_occas.jpg?t=1785760714,73000,https://www.automobile.tn/fr/occasion/seat/arona/128931,124,72000,6 cv,Seat Arona,Traction,
2013,Manuelle,,Prix équitable,Essence,Ariana,https://catalogue.automobile.tn/max/2026/06/127874_max.jpeg?t=1785151316,230000,https://www.automobile.tn/fr/occasion/bmw/serie-1-5p/127874,124,39000,6 cv,BMW Série 1,Traction,
2002,Manuelle,,Aucune évaluation,Essence,Zaghouan,https://catalogue.automobile.tn/max/2026/07/128674_max.jpeg?t=1785312891,240000,https://www.automobile.tn/fr/occasion/citroen/saxo/128674,124,13000,4 cv,Citroën Saxo,Propulsion,
2007,Manuelle,,Aucune évaluation,Essence,Ariana,https://catalogue.automobile.tn/max/2026/07/128408_max.jpeg?t=1785159997,63000,https://www.automobile.tn/fr/occasion/fiat/palio/128408,124,19200,4 cv,Fiat Palio,Traction,
2024,Automatique,,Prix équitable,Essence,Sfax,https://catalogue.automobile.tn/max/2026/07/128678_max.jpeg?t=1785312888,37000,https://www.automobile.tn/fr/occasion/seat/ateca/128678,124,124000,8 cv,Seat Ateca,Traction,
2015,Automatique,,Prix équitable,Essence,La Manouba,https://catalogue.automobile.tn/max/2026/07/128681_max.jpeg?t=1785312875,220000,https://www.automobile.tn/fr/occasion/audi/a3-berline/128681,124,54000,5 cv,Audi A3 Berline,Traction,
2010,Manuelle,,Prix très élevé,Diesel,Zaghouan,https://catalogue.automobile.tn/max/2026/07/128447_max.jpeg?t=1785201734,299000,https://www.automobile.tn/fr/occasion/kia/sportage/128447,123,52000,10 cv,KIA Sportage,Intégrale,
2023,Manuelle,,Aucune évaluation,Essence,Le Kef,https://catalogue.automobile.tn/max/2026/07/128692_max.jpeg?t=1785226466,32000,https://www.automobile.tn/fr/occasion/citroen/c5-aircross/128692,123,69000,7 cv,Citroën C5 Aircross,Traction,
2015,Manuelle,,Prix équitable,Essence,Tunis,https://catalogue.automobile.tn/max/2026/07/128693_max.jpeg?t=1785223520,168000,https://www.automobile.tn/fr/occasion/ford/focus/128693,123,38000,6 cv,Ford Focus,Traction,
2026,Automatique,,Prix équitable,Hybride,Tunis,https://catalogue.automobile.tn/max/2026/07/128699_max.jpeg?t=1785234391,12000,https://www.automobile.tn/fr/occasion/mercedes-benz/classe-a/128699,123,165000,9 cv,Mercedes-Benz Classe A,Traction,
2020,Manuelle,,Très bon prix,Essence,Sousse,https://catalogue.automobile.tn/max/2026/07/128700_max.jpeg?t=1785240852,67000,https://www.automobile.tn/fr/occasion/volkswagen/golf-8/128700,123,70000,5 cv,Volkswagen Golf 8,Traction,
2015,Automatique,,Bon prix,Essence,Ariana,https://catalogue.automobile.tn/max/2026/07/128701_max.jpeg?t=1785234335,160000,https://www.automobile.tn/fr/occasion/bmw/x3/128701,123,71500,9 cv,BMW X3,Intégrale,
2021,Automatique,,Prix élevé,Essence,Ariana,https://catalogue.automobile.tn/max/2026/07/128716_max.jpeg?t=1785312805,128000,https://www.automobile.tn/fr/occasion/bmw/x1/128716,123,123000,8 cv,BMW X1,Traction,
2020,Automatique,,Prix très élevé,Essence,Bizerte,https://catalogue.automobile.tn/max/2026/07/128723_max.jpeg?t=1785312613,85000,https://www.automobile.tn/fr/occasion/kia/sportage/128723,123,93000,8 cv,KIA Sportage,Traction,
2004,Automatique,,Prix très élevé,Diesel,Nabeul,https://catalogue.automobile.tn/max/2026/07/128684_max.jpeg?t=1785312845,450000,https://www.automobile.tn/fr/occasion/bmw/x5/128684,123,41000,13 cv,BMW X5,Intégrale,
1992,Manuelle,,Aucune évaluation,Diesel,Bizerte,https://catalogue.automobile.tn/max/2026/07/128724_max.jpeg?t=1785259591,220000,https://www.automobile.tn/fr/occasion/nissan/patrol/128724,123,73000,11 cv,Nissan Patrol,Propulsion,
2021,Manuelle,,Prix équitable,Essence,Le Kef,https://catalogue.automobile.tn/max/2026/07/128736_max.jpeg?t=1785312452,116000,https://www.automobile.tn/fr/occasion/volkswagen/golf-8/128736,122,77000,6 cv,Volkswagen Golf 8,Traction,
2020,Manuelle,,Prix équitable,Essence,Tunis,https://catalogue.automobile.tn/max/2026/07/128641_max.jpeg?t=1785077747,67000,https://www.automobile.tn/fr/occasion/suzuki/s-presso/128641,122,29500,4 cv,Suzuki S-Presso,Traction,
2018,Manuelle,,Prix élevé,Essence,Tunis,https://catalogue.automobile.tn/max/2026/07/128742_max.jpeg?t=1785312429,116000,https://www.automobile.tn/fr/occasion/suzuki/celerio/128742,122,30500,4 cv,Suzuki Celerio,Traction,
2010,Manuelle,,Prix élevé,Diesel,Monastir,https://catalogue.automobile.tn/max/2026/07/128743_max.jpeg?t=1785312419,199000,https://www.automobile.tn/fr/occasion/renault/megane/128743,122,36000,7 cv,Renault Megane,Traction,
2024,Automatique,,Prix très élevé,Diesel,Tunis,https://catalogue.automobile.tn/max/2026/07/128744_max.jpeg?t=1785312302,45000,https://www.automobile.tn/fr/occasion/ford/everest/128744,122,262000,13 cv,Ford Everest,Intégrale,
2019,Manuelle,,Prix équitable,Essence,Ariana,https://catalogue.automobile.tn/max/2026/07/128517_max.jpeg?t=1785317829,172000,https://www.automobile.tn/fr/occasion/mazda/3/128517,122,46500,6 cv,Mazda 3,Traction,
2023,Manuelle,,Prix équitable,Diesel,Sousse,https://catalogue.automobile.tn/max/2026/07/128748_max.jpeg?t=1785320780,133900,https://www.automobile.tn/fr/occasion/fiat/doblo/128748,122,38500,5 cv,Fiat Doblo,Traction,
2018,Manuelle,,Prix équitable,Essence,Sfax,https://catalogue.automobile.tn/max/2026/07/128751_max.jpeg?t=1785332216,156000,https://www.automobile.tn/fr/occasion/ford/focus/128751,122,40000,6 cv,Ford Focus,Traction,
2020,Manuelle,,Aucune évaluation,Essence,Ben Arous,https://catalogue.automobile.tn/max/2026/07/128752_max.jpeg?t=1785338773,148000,https://www.automobile.tn/fr/occasion/kia/rio-5p/128752,122,52000,5 cv,KIA Rio 5p,Traction,
2008,Manuelle,,Aucune évaluation,Essence,Ben Arous,https://catalogue.automobile.tn/max/2026/07/128753_max.jpeg?t=1785360407,220000,https://www.automobile.tn/fr/occasion/ford/mondeo/128753,122,20500,8 cv,Ford Mondeo,Traction,
2024,Automatique,,Bon prix,Hybride,Ariana,https://catalogue.automobile.tn/max/2026/07/128760_max.jpeg?t=1785331543,50000,https://www.automobile.tn/fr/occasion/toyota/yaris-cross/128760,121,90000,5 cv,Toyota Yaris Cross Hybride,Traction,
2014,Automatique,,Aucune évaluation,Hybride,Tunis,https://catalogue.automobile.tn/max/2026/06/127611_max.jpeg?t=1782044733,112000,https://www.automobile.tn/fr/occasion/mercedes-benz/classe-s/127611,121,195000,11 cv,Mercedes-Benz Classe S,Propulsion,
2021,Manuelle,,Prix équitable,Essence,Tunis,https://catalogue.automobile.tn/max/2026/07/128766_max.jpeg?t=1785342385,41000,https://www.automobile.tn/fr/occasion/hyundai/i10/128766,121,41000,4 cv,Hyundai i10,Traction,
2016,Manuelle,,Prix équitable,Essence,Tunis,https://catalogue.automobile.tn/max/2026/07/128768_max.jpeg?t=1785403043,154000,https://www.automobile.tn/fr/occasion/volkswagen/polo/128768,121,33000,4 cv,Volkswagen Polo,Traction,
2015,Automatique,,Très bon prix,Diesel,Ariana,https://catalogue.automobile.tn/max/2026/07/128774_max.jpeg?t=1785349524,221000,https://www.automobile.tn/fr/occasion/land-rover/discovery-sport/128774,121,64000,9 cv,Land Rover Discovery Sport,Intégrale,
2018,Manuelle,,Prix équitable,Essence,Zaghouan,https://catalogue.automobile.tn/max/2026/07/128779_max.jpeg?t=1785440487,117901,https://www.automobile.tn/fr/occasion/baic/kenbo-s2/128779,121,35000,7 cv,BAIC Kenbo S2,Propulsion,
2022,Automatique,,Aucune évaluation,Hybride,Tunis,https://catalogue.automobile.tn/max/2026/07/128407_max.jpeg?t=1785398084,36000,https://www.automobile.tn/fr/occasion/bmw/x1/128407,121,114000,6 cv,BMW X1,Intégrale,
2021,Manuelle,,Prix équitable,Essence,Ben Arous,https://catalogue.automobile.tn/max/2026/07/128783_max.jpeg?t=1785403523,86000,https://www.automobile.tn/fr/occasion/kia/rio-5p/128783,121,59000,5 cv,KIA Rio 5p,Traction,
2023,Manuelle,,Prix élevé,Essence,Ariana,https://catalogue.automobile.tn/max/2026/07/128738_max.jpeg?t=1785400782,85000,https://www.automobile.tn/fr/occasion/hyundai/grand-i10/128738,121,44900,5 cv,Hyundai Grand i10,Traction,
2022,Automatique,,Prix équitable,Essence,Sfax,https://catalogue.automobile.tn/max/2026/07/127946_max.jpeg?t=1785062295,28000,https://www.automobile.tn/fr/occasion/suzuki/swift/127946,121,48000,5 cv,Suzuki Swift,Traction,
2022,Automatique,,Bon prix,Essence,Monastir,https://catalogue.automobile.tn/max/2026/07/128650_max.jpeg?t=1785411685,29000,https://www.automobile.tn/fr/occasion/cupra/formentor/128650,120,115000,11 cv,Cupra Formentor,Intégrale,
2025,Automatique,,Aucune évaluation,Electrique,Monastir,https://catalogue.automobile.tn/max/2026/07/128798_max.jpeg?t=1785421561,5000,https://www.automobile.tn/fr/occasion/byd/sealion-6/128798,120,110000,5 cv,BYD Sealion 6,Intégrale,
2021,Automatique,,Prix élevé,Essence,Tunis,https://catalogue.automobile.tn/max/2026/07/128805_max.jpeg?t=1785454261,107000,https://www.automobile.tn/fr/occasion/kia/picanto/128805,120,42800,4 cv,KIA Picanto,Traction,
2018,Automatique,,Très bon prix,Essence,Nabeul,https://catalogue.automobile.tn/max/2026/07/128811_max.jpeg?t=1785454553,45000,https://www.automobile.tn/fr/occasion/audi/q5/128811,120,105000,15 cv,Audi Q5,Intégrale,
2022,Automatique,,Très bon prix,Hybride,Sidi Bouzid,https://catalogue.automobile.tn/max/2026/07/128350_max.jpeg?t=1784118370,57000,https://www.automobile.tn/fr/occasion/mercedes-benz/cla/128350,120,128000,8 cv,Mercedes-Benz CLA,Intégrale,
2010,Automatique,,Aucune évaluation,Diesel,Sousse,https://catalogue.automobile.tn/max/2026/07/128816_max.jpeg?t=1785443206,48000,https://www.automobile.tn/fr/occasion/mercedes-benz/classe-g/128816,120,250000,16 cv,Mercedes-Benz Classe G,Intégrale,
2017,Automatique,,Prix équitable,Essence,Sousse,https://catalogue.automobile.tn/max/2026/07/128818_max.jpeg?t=1785454155,220000,https://www.automobile.tn/fr/occasion/volkswagen/golf-7/128818,120,54000,6 cv,Volkswagen Golf 7,Traction,
2011,Manuelle,,Aucune évaluation,Diesel,Ben Arous,https://catalogue.automobile.tn/max/2026/07/128298_max.jpeg?t=1785453913,254000,https://www.automobile.tn/fr/occasion/jeep/patriot/128298,120,60000,10 cv,Jeep Patriot,Intégrale,
2025,Manuelle,,Prix élevé,Essence,Ariana,https://catalogue.automobile.tn/max/2026/07/127912_max.jpeg?t=1785481279,14300,https://www.automobile.tn/fr/occasion/dfsk/glory-500/127912,120,63000,7 cv,DFSK Glory 500,Traction,
2021,Manuelle,,Prix équitable,Essence,Sfax,https://catalogue.automobile.tn/max/2026/07/128112_max.jpeg?t=1785229939,32966,https://www.automobile.tn/fr/occasion/ssangyong/tivoli/128112,120,64000,6 cv,Ssangyong Tivoli,Traction,
2019,Manuelle,,Aucune évaluation,Essence,Ariana,https://catalogue.automobile.tn/max/2026/07/128793_max.jpeg?t=1785410784,144000,https://www.automobile.tn/fr/occasion/seat/ibiza/128793,119,55000,4 cv,Seat Ibiza,Traction,
2025,Automatique,,Prix équitable,Hybride,Tunis,https://catalogue.automobile.tn/max/2026/07/128718_max.jpeg?t=1785419245,21000,https://www.automobile.tn/fr/occasion/mercedes-benz/glc-coupe/128718,119,300000,11 cv,Mercedes-Benz GLC Coupé,Intégrale,
2018,Manuelle,,Prix équitable,Essence,Sfax,https://catalogue.automobile.tn/max/2026/07/127993_max.jpeg?t=1785506675,64800,https://www.automobile.tn/fr/occasion/mahindra/kuv-100/127993,119,30000,5 cv,Mahindra KUV 100,Traction,
2022,Automatique,,Bon prix,Hybride,Monastir,https://catalogue.automobile.tn/max/2026/07/128142_max.jpeg?t=1783591920,37000,https://www.automobile.tn/fr/occasion/bmw/x3/128142,119,168000,10 cv,BMW X3,Traction,
2000,Manuelle,,Aucune évaluation,Essence,Tunis,https://catalogue.automobile.tn/max/2026/07/128834_max.jpeg?t=1785515120,250000,https://www.automobile.tn/fr/occasion/opel/corsa/128834,119,12000,4 cv,Opel Corsa,Intégrale,
2010,Manuelle,,Bon prix,Essence,Tunis,https://catalogue.automobile.tn/max/2026/07/128836_max.jpeg?t=1785857920,162000,https://www.automobile.tn/fr/occasion/kia/rio/128836,119,25500,6 cv,KIA Rio Berline,Traction,
2018,Manuelle,,Prix équitable,Diesel,Nabeul,https://catalogue.automobile.tn/max/2026/07/128837_max.jpeg?t=1785525967,270350,https://www.automobile.tn/fr/occasion/volkswagen/golf-7/128837,119,59500,6 cv,Volkswagen Golf 7,Propulsion,
2017,Automatique,,Prix équitable,Essence,Sousse,https://catalogue.automobile.tn/max/2026/06/123302_max.jpeg?t=1784089438,214000,https://www.automobile.tn/fr/occasion/great-wall/h6/123302,119,47000,9 cv,GWM Haval H6,Traction,
2019,Automatique,,Prix équitable,Essence,Sfax,https://catalogue.automobile.tn/max/2026/07/128839_max.jpeg?t=1785857860,97000,https://www.automobile.tn/fr/occasion/volkswagen/golf-7/128839,119,65000,6 cv,Volkswagen Golf 7,Traction,
2017,Automatique,,Très bon prix,Essence,Sfax,https://catalogue.automobile.tn/max/2026/07/128801_max.jpeg?t=1785414400,150000,https://www.automobile.tn/fr/occasion/bmw/serie-5/128801,119,75000,9 cv,BMW Série 5,Propulsion,
2020,Manuelle,,Prix équitable,Diesel,Sousse,https://catalogue.automobile.tn/max/2026/08/128853_max.jpeg?t=1785857851,231527,https://www.automobile.tn/fr/occasion/peugeot/partner/128853,118,35000,5 cv,Peugeot Partner,Traction,
2024,Manuelle,,Bon prix,Diesel,Sousse,https://catalogue.automobile.tn/max/2026/08/128855_max.jpeg?t=1785857804,79284,https://www.automobile.tn/fr/occasion/peugeot/landtrek-simple-cabine/128855,118,55000,6 cv,Peugeot Landtrek Simple Cabine,Propulsion,
2023,Automatique,,Très bon prix,Hybride,Ariana,https://catalogue.automobile.tn/max/2026/07/128402_max.jpeg?t=1785585477,80000,https://www.automobile.tn/fr/occasion/mercedes-benz/classe-c/128402,118,155000,9 cv,Mercedes-Benz Classe C,Propulsion,
2012,Automatique,,Prix équitable,Essence,Tunis,https://catalogue.automobile.tn/max/2026/08/128857_max.jpeg?t=1785587131,210000,https://www.automobile.tn/fr/occasion/bmw/serie-1-5p/128857,118,45000,7 cv,BMW Série 1,Traction,
2011,Automatique,,Bon prix,Essence,Ariana,https://catalogue.automobile.tn/max/2026/07/127952_max.jpeg?t=1785589472,230000,https://www.automobile.tn/fr/occasion/renault/fluence/127952,118,25000,7 cv,Renault Fluence,Traction,
2021,Automatique,,Bon prix,Diesel,Sousse,https://catalogue.automobile.tn/max/2026/07/128510_max.jpeg?t=1784640326,156000,https://www.automobile.tn/fr/occasion/kia/sorento/128510,118,120000,12 cv,KIA Sorento,Intégrale,
2025,Automatique,,Aucune évaluation,Hybride,Sousse,https://catalogue.automobile.tn/max/2026/07/128285_max.jpeg?t=1784639057,20000,https://www.automobile.tn/fr/occasion/mercedes-benz/gle/128285,118,320000,12 cv,Mercedes-Benz GLE,Intégrale,
2017,Manuelle,,Prix équitable,Essence,Tunis,https://catalogue.automobile.tn/max/2026/08/128866_max.jpeg?t=1785597924,107500,https://www.automobile.tn/fr/occasion/peugeot/301/128866,118,28500,5 cv,Peugeot 301,Traction,
2010,Manuelle,,Prix très élevé,Essence,Tunis,https://catalogue.automobile.tn/max/2026/07/128725_max.jpeg?t=1785336394,260000,https://www.automobile.tn/fr/occasion/mercedes-benz/classe-c/128725,118,42500,9 cv,Mercedes-Benz Classe C,Propulsion,
2019,Manuelle,,Prix très élevé,Essence,Tunis,https://catalogue.automobile.tn/max/2026/07/128731_max.jpeg?t=1785277614,148000,https://www.automobile.tn/fr/occasion/seat/arona/128731,118,61500,6 cv,Seat Arona,Traction,
2022,Automatique,,Prix équitable,Essence,Tunis,https://catalogue.automobile.tn/max/2026/03/124077_max.jpeg?t=1772553177,14000,https://www.automobile.tn/fr/occasion/seat/leon/124077,117,93000,8 cv,Seat Leon,Traction,
2007,Automatique,,Prix élevé,Diesel,Tunis,https://catalogue.automobile.tn/max/2025/11/120030_max.jpeg?t=1785611392,295000,https://www.automobile.tn/fr/occasion/bmw/x5/120030,117,59000,16 cv,BMW X5,Intégrale,
2021,Manuelle,,Prix très élevé,Essence,Tunis,https://catalogue.automobile.tn/max/2026/05/126765_max.jpeg?t=1779528365,150000,https://www.automobile.tn/fr/occasion/mazda/3-sedan/126765,117,65000,6 cv,Mazda 3 sedan,Traction,
2019,Automatique,,Prix équitable,Essence,Sousse,https://catalogue.automobile.tn/max/2026/07/128659_max.jpeg?t=1785626870,100000,https://www.automobile.tn/fr/occasion/audi/q2/128659,117,75000,7 cv,Audi Q2,Traction,
2022,Automatique,,Prix équitable,Hybride,Sousse,https://catalogue.automobile.tn/max/2026/07/128398_max.jpeg?t=1785626916,94000,https://www.automobile.tn/fr/occasion/bmw/x3/128398,117,158400,10 cv,BMW X3,Intégrale,
2014,Automatique,,Aucune évaluation,Essence,Ben Arous,https://catalogue.automobile.tn/max/2026/07/128835_max.jpeg?t=1785857925,225900,https://www.automobile.tn/fr/occasion/kia/sportage/128835,117,48000,10 cv,KIA Sportage,Traction,
2013,Manuelle,,Bon prix,Diesel,Ariana,https://catalogue.automobile.tn/max/2026/07/127915_max.jpeg?t=1782945291,233000,https://www.automobile.tn/fr/occasion/volkswagen/golf-7/127915,117,50000,5 cv,Volkswagen Golf 7,Traction,
2011,Manuelle,,Aucune évaluation,Diesel,Nabeul,https://catalogue.automobile.tn/max/2026/08/128885_max.jpeg?t=1785857525,248000,https://www.automobile.tn/fr/occasion/volkswagen/caddy/128885,117,24000,8 cv,Volkswagen Caddy,Traction,
2019,Automatique,,Prix équitable,Essence,Ariana,https://catalogue.automobile.tn/max/2026/08/128772_max.jpeg?t=1785663950,91000,https://www.automobile.tn/fr/occasion/hyundai/grand-i10/128772,117,40000,5 cv,Hyundai Grand i10,Traction,
2020,Automatique,,Prix équitable,Essence,Nabeul,https://catalogue.automobile.tn/max/2026/08/128888_max.jpeg?t=1785857511,125000,https://www.automobile.tn/fr/occasion/volkswagen/tiguan/128888,117,108000,8 cv,Volkswagen Tiguan,Traction,
2005,Manuelle,,Très bon prix,Essence,Tunis,https://catalogue.automobile.tn/max/2026/08/128889_max.jpeg?t=1785857504,2000,https://www.automobile.tn/fr/occasion/ford/fiesta/128889,116,17000,5 cv,Ford Fiesta,Propulsion,
2015,Automatique,,Aucune évaluation,Diesel,Sfax,https://catalogue.automobile.tn/max/2026/08/128890_max.jpeg?t=1785680775,200000,https://www.automobile.tn/fr/occasion/toyota/rav-4/128890,116,75000,8 cv,Toyota RAV 4,Traction,
2022,Automatique,,Prix équitable,Essence,Sousse,https://catalogue.automobile.tn/max/2026/06/127864_max.jpeg?t=1785669907,50000,https://www.automobile.tn/fr/occasion/hyundai/i20/127864,116,65900,5 cv,Hyundai i20,Traction,
2021,Manuelle,,Prix élevé,Diesel,Tunis,https://catalogue.automobile.tn/max/2026/08/128902_max.jpeg?t=1787081120,126000,https://www.automobile.tn/fr/occasion/peugeot/expert/128902,116,58000,9 cv,Peugeot Expert,Traction,
2017,Automatique,,Prix équitable,Essence,Tunis,https://catalogue.automobile.tn/max/2026/08/128905_max.jpeg?t=1785857238,128000,https://www.automobile.tn/fr/occasion/volkswagen/tiguan/128905,116,76000,8 cv,Volkswagen Tiguan,Traction,
2008,Manuelle,,Bon prix,Essence,Tunis,https://catalogue.automobile.tn/max/2026/08/128906_max.jpeg?t=1785857235,219540,https://www.automobile.tn/fr/occasion/peugeot/206/128906,116,20000,5 cv,Peugeot 206,Intégrale,
2021,Automatique,,Bon prix,Essence,Tunis,https://catalogue.automobile.tn/max/2026/08/128907_max.jpeg?t=1785857230,97000,https://www.automobile.tn/fr/occasion/audi/a5-sportback/128907,116,115000,8 cv,Audi A5 Sportback,Traction,
2013,Automatique,,Aucune évaluation,Hybride,Tunis,https://catalogue.automobile.tn/max/2026/08/128912_max.jpeg?t=1785857214,109954,https://www.automobile.tn/fr/occasion/audi/q5/128912,116,75000,12 cv,Audi Q5,Intégrale,
2022,Manuelle,,Prix élevé,Essence,Tunis,https://catalogue.automobile.tn/max/2026/08/128863_max.jpeg?t=1785703808,3843,https://www.automobile.tn/fr/occasion/volkswagen/polo/128863,116,68000,4 cv,Volkswagen Polo,Traction,
2020,Manuelle,,Très bon prix,Diesel,Sousse,https://catalogue.automobile.tn/max/2026/08/128920_max.jpeg?t=1785857112,240000,https://www.automobile.tn/fr/occasion/fiat/doblo-maxi/128920,116,24900,5 cv,Fiat Doblo Maxi,Traction,
2024,Automatique,,Prix équitable,Hybride,La Manouba,https://catalogue.automobile.tn/max/2026/07/128616_max.jpeg?t=1785754650,32000,https://www.automobile.tn/fr/occasion/toyota/rav-4/128616,115,148000,9 cv,Toyota RAV 4,Traction,
2006,Manuelle,,Aucune évaluation,Essence,Tunis,https://catalogue.automobile.tn/max/2026/08/128929_max.jpeg?t=1785857026,240000,https://www.automobile.tn/fr/occasion/land-rover/range-rover-velar/128929,115,24000,9 cv,Land Rover Range Rover Velar,Traction,
2014,Manuelle,,Prix équitable,Essence,Tunis,https://catalogue.automobile.tn/max/2026/08/128932_max.jpeg?t=1785857015,199000,https://www.automobile.tn/fr/occasion/ford/fiesta/128932,115,33000,5 cv,Ford Fiesta,Traction,
2026,Automatique,,Prix très élevé,Hybride,Tunis,https://catalogue.automobile.tn/max/2026/08/128933_max.jpeg?t=1785763535,200,https://www.automobile.tn/fr/occasion/byd/song-plus/128933,115,120000,5 cv,BYD Song Plus,Traction,
2019,Automatique,,Prix équitable,Essence,Tunis,https://catalogue.automobile.tn/max/2026/08/128934_max.jpeg?t=1785767153,200500,https://www.automobile.tn/fr/occasion/mg/zs/128934,115,49000,7 cv,MG ZS,Traction,
2023,Automatique,,Prix équitable,Essence,Nabeul,https://catalogue.automobile.tn/max/2026/08/128942_max.jpeg?t=1785781562,68000,https://www.automobile.tn/fr/occasion/seat/ateca/128942,115,93000,8 cv,Seat Ateca,Traction,
2022,Automatique,,Prix équitable,Hybride,Tunis,https://catalogue.automobile.tn/max/2026/08/128910_max.jpeg?t=1785779445,35000,https://www.automobile.tn/fr/occasion/mercedes-benz/classe-c/128910,115,229000,11 cv,Mercedes-Benz Classe C,Propulsion,
2021,Manuelle,,Prix équitable,Essence,Ariana,https://catalogue.automobile.tn/max/2026/08/128948_max.jpeg?t=1785856926,66000,https://www.automobile.tn/fr/occasion/chery/tiggo-2/128948,115,45000,6 cv,Chery Tiggo 2,Traction,
2014,Automatique,,Aucune évaluation,Essence,Tunis,https://catalogue.automobile.tn/max/2026/08/128915_max.jpeg?t=1785786749,182000,https://www.automobile.tn/fr/occasion/jaguar/xf/128915,115,55000,15 cv,Jaguar XF,Propulsion,
2004,Manuelle,,Aucune évaluation,Diesel,Ben Arous,https://catalogue.automobile.tn/max/2026/08/128951_max.jpeg?t=1785856863,500000,https://www.automobile.tn/fr/occasion/audi/a3-sportback/128951,115,23000,6 cv,Audi A3 Sportback,Traction,
2022,Automatique,,Aucune évaluation,Essence,Médenine,https://catalogue.automobile.tn/max/2026/07/128462_max.jpeg?t=1785823954,160000,https://www.automobile.tn/fr/occasion/volkswagen/taigo/128462,114,82000,6 cv,Volkswagen Taigo,Traction,
2015,Manuelle,,Prix équitable,Essence,Jendouba,https://catalogue.automobile.tn/max/2026/08/128972_max.jpeg?t=1785857165,114000,https://www.automobile.tn/fr/occasion/mazda/2/128972,114,37000,5 cv,Mazda 2,Traction,
2015,Manuelle,,Prix équitable,Essence,Tunis,https://catalogue.automobile.tn/max/2026/07/128461_max.jpeg?t=1785847641,221500,https://www.automobile.tn/fr/occasion/mazda/2-sedan/128461,114,32900,6 cv,Mazda 2 Sedan,Traction,
2020,Manuelle,,Prix élevé,Essence,Tunis,https://catalogue.automobile.tn/max/2026/08/128986_max.jpeg?t=1785856675,50000,https://www.automobile.tn/fr/occasion/skoda/fabia/128986,114,47000,4 cv,Skoda Fabia,Traction,
2023,Automatique,,Très bon prix,Hybride,Sfax,https://catalogue.automobile.tn/max/2026/07/128762_max.jpeg?t=1785864457,41000,https://www.automobile.tn/fr/occasion/mercedes-benz/classe-c/128762,114,157000,9 cv,Mercedes-Benz Classe C,Intégrale,
2025,Automatique,,Prix équitable,Hybride,Ariana,https://catalogue.automobile.tn/max/2026/08/127868_max.jpeg?t=1785866205,14000,https://www.automobile.tn/fr/occasion/mercedes-benz/glc-coupe/127868,114,288000,11 cv,Mercedes-Benz GLC Coupé,Intégrale,
2015,Manuelle,,Prix équitable,Essence,Ariana,https://catalogue.automobile.tn/max/2026/08/128995_max.jpeg?t=1785997218,220000,https://www.automobile.tn/fr/occasion/audi/a4/128995,114,50000,8 cv,Audi A4,Traction,
2020,Manuelle,,Prix très élevé,Essence,Ariana,https://catalogue.automobile.tn/max/2026/08/128996_max.jpeg?t=1785997209,172000,https://www.automobile.tn/fr/occasion/mg/zs/128996,114,55500,7 cv,MG ZS,Traction,
2022,Automatique,,Prix équitable,Essence,Ben Arous,https://catalogue.automobile.tn/max/2026/08/128904_max.jpeg?t=1785857243,94000,https://www.automobile.tn/fr/occasion/nissan/juke/128904,114,71000,6 cv,Nissan Juke,Traction,
2020,Manuelle,,Prix équitable,Essence,Ariana,https://catalogue.automobile.tn/max/2026/08/128997_max.jpeg?t=1785997206,131000,https://www.automobile.tn/fr/occasion/kia/rio-5p/128997,114,47500,5 cv,KIA Rio 5p,Traction,
2023,Automatique,,Prix équitable,Essence,Tunis,https://catalogue.automobile.tn/max/2026/07/128546_max.jpeg?t=1785911178,48000,https://www.automobile.tn/fr/occasion/fiat/500x-cross/128546,113,72000,7 cv,Fiat 500X Cross,Traction,
2024,Automatique,,Aucune évaluation,Essence,Sousse,https://catalogue.automobile.tn/max/2026/08/129010_max.jpeg?t=1785925828,34000,https://www.automobile.tn/fr/occasion/honda/civic/129010,113,117000,9 cv,Honda Civic,Traction,
2016,Manuelle,,Prix équitable,Essence,Sfax,https://catalogue.automobile.tn/max/2026/07/128033_max.jpeg?t=1785926338,180000,https://www.automobile.tn/fr/occasion/kia/rio/128033,113,34000,5 cv,KIA Rio Berline,Traction,
2024,Automatique,,Bon prix,Essence,Tunis,https://catalogue.automobile.tn/max/2026/08/129013_max.jpeg?t=1785929218,15000,https://www.automobile.tn/fr/occasion/mg/one/129013,113,85000,10 cv,MG One,Traction,
2019,Automatique,,Prix équitable,Diesel,Sfax,https://catalogue.automobile.tn/max/2026/08/129017_max.jpeg?t=1785932746,88000,https://www.automobile.tn/fr/occasion/kia/sportage/129017,113,90000,7 cv,KIA Sportage,Traction,
2014,Automatique,,Prix équitable,Essence,Tunis,https://catalogue.automobile.tn/max/2026/08/128877_max.jpeg?t=1785934628,250000,https://www.automobile.tn/fr/occasion/bmw/serie-3/128877,113,51000,7 cv,BMW Série 3,Propulsion,
2022,Manuelle,,Bon prix,Essence,Sfax,https://catalogue.automobile.tn/max/2026/04/125994_max.jpeg?t=1785513074,102000,https://www.automobile.tn/fr/occasion/ford/ecosport/125994,113,50000,7 cv,Ford Ecosport,Traction,
2018,Manuelle,,Prix élevé,Essence,Tunis,https://catalogue.automobile.tn/max/2026/08/129022_max.jpeg?t=1785997083,149000,https://www.automobile.tn/fr/occasion/peugeot/2008/129022,113,43000,6 cv,Peugeot 2008,Traction,
2008,Manuelle,,Prix très élevé,Essence,Ariana,https://catalogue.automobile.tn/max/2026/08/128838_max.jpeg?t=1785949079,455000,https://www.automobile.tn/fr/occasion/peugeot/207/128838,113,19000,6 cv,Peugeot 207,Traction,
2021,Manuelle,,Bon prix,Essence,Monastir,https://catalogue.automobile.tn/max/2026/08/129042_max.jpeg?t=1785961542,35000,https://www.automobile.tn/fr/occasion/skoda/karoq/129042,113,78000,6 cv,Skoda Karoq,Traction,
2023,Automatique,,Aucune évaluation,Essence,Ben Arous,https://catalogue.automobile.tn/max/2026/07/128664_max.jpeg?t=1786020576,33500,https://www.automobile.tn/fr/occasion/great-wall/h6/128664,112,99600,8 cv,GWM Haval H6,Traction,
2012,Automatique,,Prix équitable,Essence,Nabeul,https://catalogue.automobile.tn/max/2026/08/129055_max.jpeg?t=1786022731,240000,https://www.automobile.tn/fr/occasion/mercedes-benz/classe-c/129055,112,63000,9 cv,Mercedes-Benz Classe C,Propulsion,
2009,Manuelle,,Très bon prix,Diesel,Monastir,https://catalogue.automobile.tn/max/2026/08/129056_max.jpeg?t=1786032563,39000,https://www.automobile.tn/fr/occasion/mercedes-benz/classe-c/129056,112,49500,8 cv,Mercedes-Benz Classe C,Traction,
2020,Automatique,,Très bon prix,Hybride,Ariana,https://catalogue.automobile.tn/max/2026/06/127287_max.jpeg?t=1786035129,176000,https://www.automobile.tn/fr/occasion/mercedes-benz/gla/127287,112,105000,7 cv,Mercedes-Benz GLA,Traction,
2022,Automatique,,Bon prix,Hybride,Ariana,https://catalogue.automobile.tn/max/2026/08/129040_max.jpeg?t=1786035532,38000,https://www.automobile.tn/fr/occasion/hyundai/tucson/129040,112,115000,10 cv,Hyundai Tucson,Intégrale,
2004,Manuelle,,Prix élevé,Diesel,Béja,https://catalogue.automobile.tn/max/2026/07/128254_max.jpeg?t=1786036149,400000,https://www.automobile.tn/fr/occasion/peugeot/407/128254,112,16000,5 cv,Peugeot 407,Intégrale,
2024,Automatique,,Aucune évaluation,Essence,Sfax,https://catalogue.automobile.tn/max/2026/07/128769_max.jpeg?t=1785403161,12000,https://www.automobile.tn/fr/occasion/mg/gt/128769,112,98400,9 cv,MG GT,Traction,
2012,Automatique,,Prix élevé,Essence,Sousse,https://catalogue.automobile.tn/max/2026/07/127950_max.jpeg?t=1786037219,300000,https://www.automobile.tn/fr/occasion/peugeot/508/127950,112,29000,7 cv,Peugeot 508,Propulsion,
2020,Automatique,,Prix élevé,Essence,Gafsa,https://catalogue.automobile.tn/max/2026/07/128078_max.jpeg?t=1783358715,25000,https://www.automobile.tn/fr/occasion/volkswagen/golf-7/128078,112,80000,8 cv,Volkswagen Golf 7,Traction,
2017,Manuelle,,Prix équitable,Essence,Gabès,https://catalogue.automobile.tn/max/2026/08/128946_max.jpeg?t=1785856933,59000,https://www.automobile.tn/fr/occasion/hyundai/creta/128946,112,70000,6 cv,Hyundai Creta,Traction,
2016,Manuelle,,Prix équitable,Essence,Ariana,https://catalogue.automobile.tn/max/2026/08/129077_max.jpeg?t=1786095154,149000,https://www.automobile.tn/fr/occasion/peugeot/208/129077,111,31500,4 cv,Peugeot 208,Traction,
2016,Manuelle,,Prix élevé,Essence,Sousse,https://catalogue.automobile.tn/max/2026/08/129078_max.jpeg?t=1786100473,200000,https://www.automobile.tn/fr/occasion/hyundai/grand-i10/129078,111,31800,5 cv,Hyundai Grand i10,Traction,
2019,Manuelle,,Prix équitable,Essence,Tunis,https://catalogue.automobile.tn/max/2026/07/127974_max.jpeg?t=1783420674,136000,https://www.automobile.tn/fr/occasion/peugeot/208/127974,111,26000,4 cv,Peugeot 208,Traction,
2016,Manuelle,,Prix élevé,Diesel,Ariana,https://catalogue.automobile.tn/max/2026/08/129085_max.jpeg?t=1786125797,293000,https://www.automobile.tn/fr/occasion/dacia/dokker-van/129085,111,23000,6 cv,Dacia Dokker Van,Traction,
2022,Automatique,,Aucune évaluation,Essence,Ariana,https://catalogue.automobile.tn/max/2026/08/129086_max.jpeg?t=1786125663,12000,https://www.automobile.tn/fr/occasion/kia/sportage/129086,111,80000,11 cv,KIA Sportage,Traction,
2017,Automatique,,Très bon prix,Essence,Ariana,https://catalogue.automobile.tn/max/2026/05/126964_max.jpeg?t=1786111446,130000,https://www.automobile.tn/fr/occasion/hyundai/veloster/126964,111,33900,8 cv,Hyundai Veloster,Traction,
2020,Automatique,,Prix équitable,Essence,Ariana,https://catalogue.automobile.tn/max/2026/08/129088_max.jpeg?t=1786125743,62000,https://www.automobile.tn/fr/occasion/great-wall/h2/129088,111,65000,9 cv,GWM Haval H2,Traction,
2023,Automatique,,Aucune évaluation,Essence,Sousse,https://catalogue.automobile.tn/max/2026/08/129089_max.jpeg?t=1786125456,95000,https://www.automobile.tn/fr/occasion/ford/focus/129089,111,67400,7 cv,Ford Focus,Traction,
2024,Automatique,,Aucune évaluation,Electrique,Ben Arous,https://catalogue.automobile.tn/max/2026/05/126706_max.jpeg?t=1785393852,19200,https://www.automobile.tn/fr/occasion/tesla/model-y/126706,111,121000,9 cv,Tesla Model Y,Propulsion,
2021,Manuelle,,Prix équitable,Diesel,Tunis,https://catalogue.automobile.tn/max/2026/07/128491_max.jpeg?t=1786121986,52000,https://www.automobile.tn/fr/occasion/fiat/fiorino/128491,111,36000,5 cv,Fiat Fiorino,Traction,
2021,Automatique,,Bon prix,Diesel,Ariana,https://catalogue.automobile.tn/max/2026/08/129101_max.jpeg?t=1786148792,170000,https://www.automobile.tn/fr/occasion/mercedes-benz/cla/129101,110,106000,7 cv,Mercedes-Benz CLA,Propulsion,
2004,Manuelle,,Aucune évaluation,Essence,Nabeul,https://catalogue.automobile.tn/max/2026/08/129105_max.jpeg?t=1786261862,160000,https://www.automobile.tn/fr/occasion/citroen/berlingo-multispace/129105,110,24000,6 cv,Citroën Berlingo,Traction,
2021,Automatique,,Prix équitable,Essence,Tunis,https://catalogue.automobile.tn/max/2026/08/129106_max.jpeg?t=1786181127,75000,https://www.automobile.tn/fr/occasion/geely/gx3/129106,110,50000,6 cv,Geely GX3,Traction,
2022,Automatique,,Prix équitable,Essence,Sfax,https://catalogue.automobile.tn/max/2026/07/128122_max.jpeg?t=1786180472,89000,https://www.automobile.tn/fr/occasion/great-wall/h6/128122,110,87000,8 cv,GWM Haval H6,Traction,
2022,Automatique,,Aucune évaluation,Electrique,Tunis,https://catalogue.automobile.tn/max/2024/08/105684_max.jpeg?t=1767867311,50000,https://www.automobile.tn/fr/occasion/audi/q4-e-tron/105684,110,130000,11 cv,Audi Q4 E-tron,Propulsion,
2019,Automatique,,Très bon prix,Essence,Ben Arous,https://catalogue.automobile.tn/max/2026/07/127918_max.jpeg?t=1782945264,88000,https://www.automobile.tn/fr/occasion/alfa-romeo/giulietta/127918,110,46500,9 cv,Alfa Romeo Giulietta,Traction,
2022,Manuelle,,Prix équitable,Essence,Ariana,https://catalogue.automobile.tn/max/2026/08/129112_max.jpeg?t=1786217197,111000,https://www.automobile.tn/fr/occasion/hyundai/grand-i10-sedan/129112,110,40000,5 cv,Hyundai Grand i10 Sedan,Traction,
2015,Manuelle,,Bon prix,Essence,Tunis,https://catalogue.automobile.tn/max/2026/08/129121_max.jpeg?t=1787081120,179000,https://www.automobile.tn/fr/occasion/opel/corsa/129121,110,28000,5 cv,Opel Corsa,Traction,
2014,Manuelle,,Prix élevé,Essence,Tunis,https://catalogue.automobile.tn/max/2026/08/129127_max.jpeg?t=1786261734,136000,https://www.automobile.tn/fr/occasion/peugeot/208/129127,110,29500,5 cv,Peugeot 208,Traction,
2022,Automatique,,Bon prix,Essence,Ariana,https://catalogue.automobile.tn/max/2026/06/127071_max.jpeg?t=1785249689,85000,https://www.automobile.tn/fr/occasion/mercedes-benz/classe-a-berline/127071,110,95000,7 cv,Mercedes-Benz Classe A Berline,Traction,
2026,Automatique,,Aucune évaluation,Hybride,Ariana,https://catalogue.automobile.tn/max/2026/08/129132_max.jpeg?t=1786206325,300,https://www.automobile.tn/fr/occasion/byd/tang/129132,109,155000,8 cv,BYD Tang,Traction,
2020,Automatique,,Bon prix,Diesel,Tunis,https://catalogue.automobile.tn/max/2026/08/129136_max.jpeg?t=1786220723,36000,https://www.automobile.tn/fr/occasion/mercedes-benz/classe-e/129136,109,175000,9 cv,Mercedes-Benz Classe E,Propulsion,
2022,Automatique,,Bon prix,Essence,Tunis,https://catalogue.automobile.tn/max/2026/08/129137_max.jpeg?t=1786353521,73000,https://www.automobile.tn/fr/occasion/seat/ateca/129137,109,87000,8 cv,Seat Ateca,Traction,
2017,Manuelle,,Bon prix,Essence,Nabeul,https://catalogue.automobile.tn/max/2026/08/129138_max.jpeg?t=1786261702,112000,https://www.automobile.tn/fr/occasion/ds/3/129138,109,31000,5 cv,DS 3,Traction,
2015,Manuelle,,Aucune évaluation,Essence,Sousse,https://catalogue.automobile.tn/max/2026/08/129037_max.jpeg?t=1785996959,580000,https://www.automobile.tn/fr/occasion/mazda/3/129037,109,34000,6 cv,Mazda 3,Traction,
2020,Automatique,,Prix équitable,Essence,Ben Arous,https://catalogue.automobile.tn/max/2026/07/128302_max.jpeg?t=1785085340,215000,https://www.automobile.tn/fr/occasion/peugeot/3008/128302,109,59000,7 cv,Peugeot 3008,Traction,
2006,Manuelle,,Prix très élevé,Essence,Tunis,https://catalogue.automobile.tn/max/2026/08/129152_max.jpeg?t=1786289135,300000,https://www.automobile.tn/fr/occasion/ford/fiesta/129152,109,20000,5 cv,Ford Fiesta,Intégrale,
2019,Manuelle,,Prix équitable,Essence,Ariana,https://catalogue.automobile.tn/max/2026/08/129153_max.jpeg?t=1786354662,38700,https://www.automobile.tn/fr/occasion/peugeot/208/129153,109,32500,4 cv,Peugeot 208,Traction,
2014,Automatique,,Bon prix,Essence,Sfax,https://catalogue.automobile.tn/max/2026/08/129154_max.jpeg?t=1786354657,220000,https://www.automobile.tn/fr/occasion/mercedes-benz/classe-c/129154,109,75000,8 cv,Mercedes-Benz Classe C,Propulsion,
2003,Manuelle,,Aucune évaluation,Essence,Monastir,https://catalogue.automobile.tn/max/2026/08/129155_max.jpeg?t=1786354651,440000,https://www.automobile.tn/fr/occasion/renault/clio-classic/129155,109,19000,5 cv,Renault Clio Classic,Traction,
2021,Automatique,,Aucune évaluation,Hybride,Sousse,https://catalogue.automobile.tn/max/2026/07/128533_max.jpeg?t=1784733965,90000,https://www.automobile.tn/fr/occasion/peugeot/3008/128533,108,89000,10 cv,Peugeot 3008,Traction,
2017,Manuelle,,Prix équitable,Essence,Ariana,https://catalogue.automobile.tn/max/2026/08/129160_max.jpeg?t=1786354623,176000,https://www.automobile.tn/fr/occasion/mazda/3/129160,108,45000,7 cv,Mazda 3,Traction,
2021,Manuelle,,Prix équitable,Essence,Ariana,https://catalogue.automobile.tn/max/2026/08/129162_max.jpeg?t=1786354603,95000,https://www.automobile.tn/fr/occasion/hyundai/grand-i10/129162,108,41000,5 cv,Hyundai Grand i10,Traction,
2020,Automatique,,Prix équitable,Diesel,Monastir,https://catalogue.automobile.tn/max/2026/05/126484_max.jpeg?t=1782811111,134925,https://www.automobile.tn/fr/occasion/mercedes-benz/classe-c/126484,108,119000,8 cv,Mercedes-Benz Classe C,Propulsion,
2004,Manuelle,,Aucune évaluation,Diesel,Nabeul,https://catalogue.automobile.tn/max/2026/08/129170_max.jpeg?t=1786357573,400000,https://www.automobile.tn/fr/occasion/mercedes-benz/viano/129170,108,39900,8 cv,Mercedes-Benz Viano,Propulsion,
2018,Automatique,,Prix élevé,Diesel,Sousse,https://catalogue.automobile.tn/max/2026/08/129171_max.jpeg?t=1786357537,117000,https://www.automobile.tn/fr/occasion/mercedes-benz/classe-e/129171,108,145000,8 cv,Mercedes-Benz Classe E,Propulsion,
2023,Automatique,,Prix équitable,Essence,Tunis,https://catalogue.automobile.tn/max/2026/07/128164_max.jpeg?t=1783596380,60000,https://www.automobile.tn/fr/occasion/mg/gt/128164,108,78000,7 cv,MG GT,Traction,
2012,Automatique,,Prix équitable,Essence,Tunis,https://catalogue.automobile.tn/max/2026/06/117637_max.jpeg?t=1780669141,133000,https://www.automobile.tn/fr/occasion/kia/optima/117637,108,48000,10 cv,KIA Optima,Traction,
2012,Manuelle,,Aucune évaluation,Diesel,Jendouba,https://catalogue.automobile.tn/max/2026/08/129172_max.jpeg?t=1786395771,460000,https://www.automobile.tn/fr/occasion/isuzu/pick-up/129172,108,90000,17 cv,Isuzu PICK UP,Traction,
2010,Manuelle,,Prix élevé,Essence,Ariana,https://catalogue.automobile.tn/max/2026/08/129173_max.jpeg?t=1786387316,217730,https://www.automobile.tn/fr/occasion/ford/fiesta/129173,108,26000,5 cv,Ford Fiesta,Traction,
2000,Manuelle,,Aucune évaluation,Diesel,Nabeul,https://catalogue.automobile.tn/max/2026/08/129175_max.jpeg?t=1786386677,348500,https://www.automobile.tn/fr/occasion/opel/frontera/129175,107,29000,9 cv,Opel Frontera,Intégrale,
2015,Manuelle,,Prix équitable,Essence,Sfax,https://catalogue.automobile.tn/max/2026/08/129090_max.jpeg?t=1786361249,189000,https://www.automobile.tn/fr/occasion/ford/mondeo/129090,107,40000,7 cv,Ford Mondeo,Traction,
2017,Manuelle,,Prix équitable,Essence,Gabès,https://catalogue.automobile.tn/max/2026/08/129179_max.jpeg?t=1786386662,25000,https://www.automobile.tn/fr/occasion/peugeot/2008/129179,107,45000,5 cv,Peugeot 2008,Propulsion,
2012,Manuelle,,Prix équitable,Essence,Sfax,https://catalogue.automobile.tn/max/2026/08/129180_max.jpeg?t=1786386644,172000,https://www.automobile.tn/fr/occasion/bmw/serie-1-5p/129180,107,44000,7 cv,BMW Série 1,Propulsion,
2018,Automatique,,Aucune évaluation,Essence,Tunis,https://catalogue.automobile.tn/max/2026/08/129133_max.jpeg?t=1786368042,312233,https://www.automobile.tn/fr/occasion/peugeot/2008/129133,107,80000,6 cv,Peugeot 2008,Traction,
2021,Manuelle,,Bon prix,Essence,Ariana,https://catalogue.automobile.tn/max/2026/08/129050_max.jpeg?t=1786011924,79100,https://www.automobile.tn/fr/occasion/seat/ibiza/129050,107,54000,4 cv,Seat Ibiza,Traction,
2022,Automatique,,Aucune évaluation,Hybride,Kébili,https://catalogue.automobile.tn/max/2026/08/129046_max.jpeg?t=1786369539,51000,https://www.automobile.tn/fr/occasion/mercedes-benz/glc-coupe/129046,107,185000,11 cv,Mercedes-Benz GLC Coupé,Intégrale,
2021,Manuelle,,Prix équitable,Essence,Ariana,https://catalogue.automobile.tn/max/2026/08/129143_max.jpeg?t=1786393389,42000,https://www.automobile.tn/fr/occasion/toyota/agya/129143,107,35900,4 cv,Toyota Agya,Traction,
2024,Automatique,,Prix très élevé,Hybride,Tunis,https://catalogue.automobile.tn/max/2026/07/128208_max.jpeg?t=1786370989,16700,https://www.automobile.tn/fr/occasion/volvo/xc40/128208,107,178000,9 cv,Volvo XC40,Traction,
2018,Manuelle,,Prix équitable,Essence,Tunis,https://catalogue.automobile.tn/max/2026/07/128764_max.jpeg?t=1786372465,53000,https://www.automobile.tn/fr/occasion/great-wall/m4/128764,107,42000,6 cv,GWM M4,Traction,
2023,Automatique,,Prix élevé,Hybride,Sousse,https://catalogue.automobile.tn/max/2026/08/128843_max.jpeg?t=1787081120,42000,https://www.automobile.tn/fr/occasion/toyota/rav-4/128843,106,155000,10 cv,Toyota RAV 4,Intégrale,
2018,Automatique,,Prix très élevé,Essence,Sfax,https://catalogue.automobile.tn/max/2026/08/129024_max.jpeg?t=1786389794,305000,https://www.automobile.tn/fr/occasion/ssangyong/xlv/129024,106,49000,8 cv,Ssangyong XLV,Traction,
2024,Automatique,,Prix élevé,Hybride,Ben Arous,https://catalogue.automobile.tn/max/2026/08/129184_max.jpeg?t=1786395790,75000,https://www.automobile.tn/fr/occasion/great-wall/h6/129184,106,98000,8 cv,GWM Haval H6,Traction,
2010,Manuelle,,Prix très élevé,Essence,Sfax,https://catalogue.automobile.tn/max/2026/08/129185_max.jpeg?t=1786397139,250000,https://www.automobile.tn/fr/occasion/volkswagen/golf-6/129185,106,45000,5 cv,Volkswagen Golf 6,Traction,
2016,Automatique,,Prix équitable,Essence,Sfax,https://catalogue.automobile.tn/max/2026/08/129186_max.jpeg?t=1786439229,96000,https://www.automobile.tn/fr/occasion/fiat/500/129186,106,41000,4 cv,Fiat 500,Traction,
2023,Automatique,,Prix élevé,Essence,Sousse,https://catalogue.automobile.tn/max/2026/08/129076_max.jpeg?t=1786435584,20000,https://www.automobile.tn/fr/occasion/mg/5/129076,106,59500,7 cv,MG 5,Traction,
2022,Automatique,,Bon prix,Essence,Tunis,https://catalogue.automobile.tn/max/2026/08/129060_max.jpeg?t=1786095301,90000,https://www.automobile.tn/fr/occasion/seat/ateca/129060,106,88000,8 cv,Seat Ateca,Traction,
2011,Manuelle,,Bon prix,Diesel,Bizerte,https://catalogue.automobile.tn/max/2026/08/129189_max.jpeg?t=1786439146,269000,https://www.automobile.tn/fr/occasion/audi/a4/129189,106,48000,8 cv,Audi A4,Traction,
2020,Manuelle,,Prix équitable,Essence,Sousse,https://catalogue.automobile.tn/max/2026/07/128127_max.jpeg?t=1786439344,91000,https://www.automobile.tn/fr/occasion/suzuki/jimny/128127,106,68000,6 cv,Suzuki Jimny 3 portes,Intégrale,
2018,Manuelle,,Prix très élevé,Essence,Sfax,https://catalogue.automobile.tn/max/2026/08/129194_max.jpeg?t=1786458392,65000,https://www.automobile.tn/fr/occasion/mahindra/kuv-100/129194,106,32000,5 cv,Mahindra KUV 100,Traction,
2023,Automatique,,Prix équitable,Essence,Tunis,https://catalogue.automobile.tn/max/2026/07/128193_max.jpeg?t=1783689959,101000,https://www.automobile.tn/fr/occasion/great-wall/h6/128193,105,92000,8 cv,GWM Haval H6,Traction,
2014,Manuelle,,Prix équitable,Diesel,Sousse,https://catalogue.automobile.tn/max/2026/06/127601_max.jpeg?t=1786459594,230000,https://www.automobile.tn/fr/occasion/kia/sportage/127601,105,52000,7 cv,KIA Sportage,Traction,
2009,Automatique,,Aucune évaluation,Diesel,Sfax,https://catalogue.automobile.tn/max/2026/02/123346_max.jpeg?t=1770891771,212000,https://www.automobile.tn/fr/occasion/mercedes-benz/glk/123346,105,65000,10 cv,Mercedes-Benz GLK,Intégrale,
2020,Automatique,,Très bon prix,Essence,Monastir,https://catalogue.automobile.tn/max/2026/08/129214_max.jpeg?t=1787081120,98000,https://www.automobile.tn/fr/occasion/audi/a3-sportback/129214,105,79000,6 cv,Audi A3 Sportback,Traction,
2021,Manuelle,,Bon prix,Essence,Sfax,https://catalogue.automobile.tn/max/2026/08/129217_max.jpeg?t=1786535331,128000,https://www.automobile.tn/fr/occasion/volkswagen/golf-8/129217,105,75000,5 cv,Volkswagen Golf 8,Traction,
2012,Automatique,,Bon prix,Essence,Monastir,https://catalogue.automobile.tn/max/2026/06/127101_max.jpeg?t=1783761000,145000,https://www.automobile.tn/fr/occasion/mercedes-benz/classe-e/127101,105,62000,11 cv,Mercedes-Benz Classe E,Traction,
2020,Automatique,,Prix équitable,Essence,Nabeul,https://catalogue.automobile.tn/max/2026/08/129192_max.jpeg?t=1786447700,100000,https://www.automobile.tn/fr/occasion/volkswagen/golf-8/129192,105,95000,8 cv,Volkswagen Golf 8,Traction,
2022,Manuelle,,Prix équitable,Essence,Tunis,https://catalogue.automobile.tn/max/2026/06/127042_max.jpeg?t=1786512205,24300,https://www.automobile.tn/fr/occasion/kia/rio-5p/127042,105,64000,5 cv,KIA Rio 5p,Traction,
2015,Automatique,,Prix très élevé,Diesel,Mahdia,https://catalogue.automobile.tn/max/2026/08/128842_max.jpeg?t=1785613684,105000,https://www.automobile.tn/fr/occasion/mercedes-benz/classe-e/128842,105,125000,9 cv,Mercedes-Benz Classe E,Propulsion,
2024,Automatique,,Bon prix,Essence,Tunis,https://catalogue.automobile.tn/max/2026/07/124358_max.jpeg?t=1786526416,52000,https://www.automobile.tn/fr/occasion/chevrolet/groove/124358,105,67000,6 cv,Chevrolet Groove,Traction,
2019,Manuelle,,Prix équitable,Essence,Tunis,https://catalogue.automobile.tn/max/2026/08/129227_max.jpeg?t=1786533937,75000,https://www.automobile.tn/fr/occasion/mahindra/kuv-100/129227,104,28900,5 cv,Mahindra KUV 100,Traction,
2019,Automatique,,Bon prix,Essence,Monastir,https://catalogue.automobile.tn/max/2026/07/128405_max.jpeg?t=1786527519,146000,https://www.automobile.tn/fr/occasion/peugeot/3008/128405,104,57000,7 cv,Peugeot 3008,Traction,
2013,Manuelle,,Prix très élevé,Essence,Jendouba,https://catalogue.automobile.tn/max/2026/08/129229_max.jpeg?t=1786530374,198000,https://www.automobile.tn/fr/occasion/peugeot/208/129229,104,28600,5 cv,Peugeot 208,Traction,
2015,Automatique,,Prix équitable,Essence,Ben Arous,https://catalogue.automobile.tn/max/2026/07/127984_max.jpeg?t=1786530573,209000,https://www.automobile.tn/fr/occasion/bmw/serie-3/127984,104,49500,7 cv,BMW Série 3,Propulsion,
2014,Automatique,,Bon prix,Essence,Ariana,https://catalogue.automobile.tn/max/2026/08/129151_max.jpeg?t=1786532419,82000,https://www.automobile.tn/fr/occasion/mercedes-benz/classe-c/129151,104,84000,10 cv,Mercedes-Benz Classe C,Intégrale,
2015,Manuelle,,Prix équitable,Essence,Ariana,https://catalogue.automobile.tn/max/2026/08/129231_max.jpeg?t=1786544781,178000,https://www.automobile.tn/fr/occasion/seat/leon/129231,104,43000,6 cv,Seat Leon,Traction,
2017,Manuelle,,Prix équitable,Essence,Ariana,https://catalogue.automobile.tn/max/2026/07/128594_max.jpeg?t=1786532131,113000,https://www.automobile.tn/fr/occasion/peugeot/208/128594,104,29800,5 cv,Peugeot 208,Traction,
2010,Manuelle,,Aucune évaluation,Essence,Sfax,https://catalogue.automobile.tn/max/2026/08/129232_max.jpeg?t=1786544762,174000,https://www.automobile.tn/fr/occasion/citroen/c3/129232,104,25000,5 cv,Citroën C3,Traction,
2024,Manuelle,,Prix équitable,Diesel,Sousse,https://catalogue.automobile.tn/max/2026/08/129235_max.jpeg?t=1786537584,41000,https://www.automobile.tn/fr/occasion/volkswagen/caddy/129235,104,70000,5 cv,Volkswagen Caddy,Traction,
2023,Automatique,,Aucune évaluation,Essence,Tunis,https://catalogue.automobile.tn/max/2026/05/126736_max.jpeg?t=1786482399,55000,https://www.automobile.tn/fr/occasion/kia/xceed/126736,104,96000,9 cv,KIA XCeed,Traction,
2022,Manuelle,,Bon prix,Essence,Sfax,https://catalogue.automobile.tn/max/2026/07/128080_max.jpeg?t=1786391170,58000,https://www.automobile.tn/fr/occasion/ssangyong/tivoli/128080,103,59000,6 cv,Ssangyong Tivoli,Traction,
2021,Manuelle,,Prix élevé,Essence,Sfax,https://catalogue.automobile.tn/max/2026/08/129241_max.jpeg?t=1786613384,135000,https://www.automobile.tn/fr/occasion/volkswagen/golf-8/129241,103,92000,7 cv,Volkswagen Golf 8,Traction,
2022,Automatique,,Prix équitable,Diesel,Sousse,https://catalogue.automobile.tn/max/2026/07/128720_max.jpeg?t=1785312678,180000,https://www.automobile.tn/fr/occasion/hyundai/santa-fe/128720,103,125000,12 cv,Hyundai Santa Fe,Intégrale,
2018,Manuelle,,Prix équitable,Essence,Tunis,https://catalogue.automobile.tn/max/2026/08/129245_max.jpeg?t=1786614859,131300,https://www.automobile.tn/fr/occasion/hyundai/grand-i10/129245,103,33500,5 cv,Hyundai Grand i10,Traction,
2014,Manuelle,,Prix équitable,Diesel,Ariana,https://catalogue.automobile.tn/max/2026/08/129250_max.jpeg?t=1786584327,213000,https://www.automobile.tn/fr/occasion/fiat/ducato/129250,103,32000,8 cv,Fiat Ducato,Traction,
2007,Automatique,,Aucune évaluation,Essence,Ariana,https://catalogue.automobile.tn/max/2026/08/129251_max.jpeg?t=1786587917,163000,https://www.automobile.tn/fr/occasion/audi/a4/129251,103,28000,13 cv,Audi A4,Traction,
2010,Manuelle,,Prix élevé,Essence,Sfax,https://catalogue.automobile.tn/max/2026/08/129256_max.jpeg?t=1786614775,174000,https://www.automobile.tn/fr/occasion/ford/fiesta/129256,103,28500,5 cv,Ford Fiesta,Traction,
2022,Automatique,,Bon prix,Essence,Ben Arous,https://catalogue.automobile.tn/max/2026/08/129257_max.jpeg?t=1786613133,101000,https://www.automobile.tn/fr/occasion/great-wall/jolion/129257,103,65000,9 cv,GWM Haval Jolion,Traction,
2020,Automatique,,Aucune évaluation,Hybride,Tunis,https://catalogue.automobile.tn/max/2026/07/128268_max.jpeg?t=1783931197,160000,https://www.automobile.tn/fr/occasion/audi/q8/128268,103,260000,18 cv,Audi Q8,Intégrale,
2022,Automatique,,Prix équitable,Essence,Sousse,https://catalogue.automobile.tn/max/2026/04/125909_max.jpeg?t=1786612620,60000,https://www.automobile.tn/fr/occasion/great-wall/h6/125909,103,88000,8 cv,GWM Haval H6,Traction,
2022,Automatique,,Prix équitable,Essence,Tunis,https://catalogue.automobile.tn/max/2026/08/129148_max.jpeg?t=1786619751,69000,https://www.automobile.tn/fr/occasion/chevrolet/captiva/129148,102,72000,9 cv,Chevrolet Captiva,Traction,
2016,Manuelle,,Très bon prix,Essence,Ariana,https://catalogue.automobile.tn/max/2026/07/128528_max.jpeg?t=1786617703,222000,https://www.automobile.tn/fr/occasion/volkswagen/passat/128528,102,43000,7 cv,Volkswagen Passat,Traction,
2017,Manuelle,,Bon prix,Diesel,Ariana,https://catalogue.automobile.tn/max/2026/08/129264_max.jpeg?t=1787081120,173000,https://www.automobile.tn/fr/occasion/citroen/nemo/129264,102,23000,5 cv,Citroën Nemo,Traction,
2022,Manuelle,,Prix équitable,Diesel,Ariana,https://catalogue.automobile.tn/max/2026/08/129268_max.jpeg?t=1786715006,27000,https://www.automobile.tn/fr/occasion/fiat/fiorino/129268,102,38500,5 cv,Fiat Fiorino,Traction,
2012,Manuelle,,Prix équitable,Essence,Tunis,https://catalogue.automobile.tn/max/2026/07/128385_max.jpeg?t=1786622280,211000,https://www.automobile.tn/fr/occasion/volkswagen/golf-6/128385,102,41500,5 cv,Volkswagen Golf 6,Traction,
2018,Manuelle,,Prix équitable,Essence,Ben Arous,https://catalogue.automobile.tn/max/2026/08/129269_max.jpeg?t=1786634722,114000,https://www.automobile.tn/fr/occasion/chery/tiggo-3/129269,102,43000,8 cv,Chery Tiggo 3,Traction,
2017,Manuelle,,Prix équitable,Essence,Ariana,https://catalogue.automobile.tn/max/2026/07/128284_max.jpeg?t=1783959985,120000,https://www.automobile.tn/fr/occasion/honda/hr-v/128284,102,58000,7 cv,Honda HR-V,Traction,
2023,Manuelle,,Prix équitable,Essence,Ariana,https://catalogue.automobile.tn/max/2026/08/128883_max.jpeg?t=1786634785,53000,https://www.automobile.tn/fr/occasion/peugeot/208/128883,102,39000,4 cv,Peugeot 208,Traction,
2022,Automatique,,Bon prix,Hybride,Nabeul,https://catalogue.automobile.tn/max/2026/08/129274_max.jpeg?t=1786645545,120000,https://www.automobile.tn/fr/occasion/mercedes-benz/classe-c/129274,102,130000,9 cv,Mercedes-Benz Classe C,Propulsion,
2021,Manuelle,,Prix équitable,Essence,Sfax,https://catalogue.automobile.tn/max/2026/07/128450_max.jpeg?t=1784466442,83747,https://www.automobile.tn/fr/occasion/wallyscar/619/128450,102,23000,5 cv,Wallyscar 619,Traction,
2016,Manuelle,,Prix équitable,Essence,Sousse,https://catalogue.automobile.tn/max/2026/08/128949_max.jpeg?t=1785856912,160000,https://www.automobile.tn/fr/occasion/volkswagen/golf-7/128949,101,56000,5 cv,Volkswagen Golf 7,Traction,
2014,Manuelle,,Aucune évaluation,Diesel,Ariana,https://catalogue.automobile.tn/max/2026/08/129145_max.jpeg?t=1786642771,141000,https://www.automobile.tn/fr/occasion/toyota/rav-4/129145,101,85000,7 cv,Toyota RAV 4,Intégrale,
2022,Automatique,,Très bon prix,Hybride,Médenine,https://catalogue.automobile.tn/max/2026/08/129278_max.jpeg?t=1786647545,171000,https://www.automobile.tn/fr/occasion/volkswagen/tiguan/129278,101,85000,8 cv,Volkswagen Tiguan,Propulsion,
2024,Automatique,,Aucune évaluation,Essence,Sousse,https://catalogue.automobile.tn/max/2026/08/129279_max.jpeg?t=1786649136,85000,https://www.automobile.tn/fr/occasion/chery/tiggo-3x/129279,101,77500,6 cv,Chery Tiggo 3X,Traction,
2020,Manuelle,,Prix équitable,Essence,Ben Arous,https://catalogue.automobile.tn/max/2026/08/129280_max.jpeg?t=1786714598,76000,https://www.automobile.tn/fr/occasion/peugeot/208/129280,101,30500,4 cv,Peugeot 208,Traction,
2019,Manuelle,,Prix équitable,Essence,Jendouba,https://catalogue.automobile.tn/max/2026/08/129043_max.jpeg?t=1786650818,208000,https://www.automobile.tn/fr/occasion/citroen/c-elysee/129043,101,23500,5 cv,Citroën C-Elysée,Traction,
2021,Manuelle,,Prix élevé,Essence,Tunis,https://catalogue.automobile.tn/max/2026/08/129282_max.jpeg?t=1786714879,114000,https://www.automobile.tn/fr/occasion/volkswagen/golf-8/129282,101,78000,6 cv,Volkswagen Golf 8,Traction,
2016,Automatique,,Aucune évaluation,Essence,Monastir,https://catalogue.automobile.tn/max/2026/08/129284_max.jpeg?t=1786696504,153000,https://www.automobile.tn/fr/occasion/kia/sorento/129284,101,79000,16 cv,KIA Sorento,Intégrale,
2013,Manuelle,,Très bon prix,Diesel,Tunis,https://catalogue.automobile.tn/max/2026/07/128703_max.jpeg?t=1786689749,245000,https://www.automobile.tn/fr/occasion/kia/sportage/128703,101,40000,7 cv,KIA Sportage,Traction,
2022,Automatique,,Bon prix,Essence,Ariana,https://catalogue.automobile.tn/max/2026/07/128252_max.jpeg?t=1786694620,97000,https://www.automobile.tn/fr/occasion/seat/ateca/128252,101,83000,8 cv,Seat Ateca,Traction,
2025,Manuelle,,Aucune évaluation,Diesel,Tunis,https://catalogue.automobile.tn/max/2026/08/129292_max.jpeg?t=1786714947,10000,https://www.automobile.tn/fr/occasion/citroen/berlingo-van/129292,100,95000,5 cv,Citroën Berlingo Van,Traction,
2005,Manuelle,,Très bon prix,Essence,Ben Arous,https://catalogue.automobile.tn/max/2026/08/129295_max.jpeg?t=1786714518,251000,https://www.automobile.tn/fr/occasion/peugeot/206/129295,100,16400,5 cv,Peugeot 206,Traction,
2010,Automatique,,Aucune évaluation,Essence,Tunis,https://catalogue.automobile.tn/max/2026/08/129296_max.jpeg?t=1786714526,228000,https://www.automobile.tn/fr/occasion/mitsubishi/lancer/129296,100,32500,9 cv,Mitsubishi Lancer,Traction,
2014,Automatique,,Aucune évaluation,Essence,Tunis,https://catalogue.automobile.tn/max/2026/03/124798_max.jpeg?t=1786713752,185000,https://www.automobile.tn/fr/occasion/audi/a6/124798,100,60000,10 cv,Audi A6,Intégrale,
2010,Manuelle,,Aucune évaluation,Essence,Ariana,https://catalogue.automobile.tn/max/2026/08/129298_max.jpeg?t=1786812544,230000,https://www.automobile.tn/fr/occasion/ford/mondeo/129298,100,26000,7 cv,Ford Mondeo,Traction,
2021,Automatique,,Prix équitable,Essence,Ariana,https://catalogue.automobile.tn/max/2026/08/129302_max.jpeg?t=1786812427,39000,https://www.automobile.tn/fr/occasion/geely/gx3/129302,100,53000,6 cv,Geely GX3,Traction,
2012,Manuelle,,Prix élevé,Essence,Sfax,https://catalogue.automobile.tn/max/2026/08/129308_max.jpeg?t=1786735722,180000,https://www.automobile.tn/fr/occasion/volkswagen/golf-7/129308,100,45000,5 cv,Volkswagen Golf 7,Traction,
2022,Automatique,,Prix équitable,Essence,Ariana,https://catalogue.automobile.tn/max/2026/07/128141_max.jpeg?t=1786745984,74100,https://www.automobile.tn/fr/occasion/kia/xceed/128141,100,86000,9 cv,KIA XCeed,Traction,
2011,Manuelle,,Prix élevé,Essence,Tunis,https://catalogue.automobile.tn/max/2026/08/129310_max.jpeg?t=1786812409,151000,https://www.automobile.tn/fr/occasion/citroen/c1/129310,100,26000,4 cv,Citroën C1,Traction,
2013,Manuelle,,Bon prix,Diesel,Médenine,https://catalogue.automobile.tn/max/2026/08/129311_max.jpeg?t=1786782834,150000,https://www.automobile.tn/fr/occasion/land-rover/range-rover-evoque/129311,100,69000,10 cv,Land Rover Range Rover Evoque,Intégrale,
2024,Automatique,,Aucune évaluation,Hybride,Tunis,https://catalogue.automobile.tn/max/2026/08/129320_max.jpeg?t=1786796791,89000,https://www.automobile.tn/fr/occasion/toyota/c-hr/129320,99,129000,8 cv,Toyota C-HR,Traction,
2024,Automatique,,Aucune évaluation,Hybride,Tunis,https://catalogue.automobile.tn/max/2026/08/129322_max.jpeg?t=1786796729,89000,https://www.automobile.tn/fr/occasion/toyota/c-hr/129322,99,129000,8 cv,Toyota C-HR,Intégrale,
2017,Automatique,,Très bon prix,Essence,Tunis,https://catalogue.automobile.tn/max/2026/07/128396_max.jpeg?t=1786798435,162000,https://www.automobile.tn/fr/occasion/audi/q2/128396,99,55000,8 cv,Audi Q2,Traction,
2025,Automatique,,Prix équitable,Essence,Tataouine,https://catalogue.automobile.tn/max/2026/07/128814_max.jpeg?t=1786800536,4000,https://www.automobile.tn/fr/occasion/hyundai/creta/128814,99,100000,6 cv,Hyundai Creta,Traction,
2022,Automatique,,Aucune évaluation,Hybride,Gabès,https://catalogue.automobile.tn/max/2026/07/127977_max.jpeg?t=1785512289,124050,https://www.automobile.tn/fr/occasion/land-rover/range-rover-velar/127977,99,305000,19 cv,Land Rover Range Rover Velar,Intégrale,
2017,Manuelle,,Prix élevé,Essence,Tunis,https://catalogue.automobile.tn/max/2026/08/129330_max.jpeg?t=1786812350,133000,https://www.automobile.tn/fr/occasion/peugeot/2008/129330,99,39000,5 cv,Peugeot 2008,Traction,
2003,Automatique,,Prix élevé,Essence,Tunis,https://catalogue.automobile.tn/max/2026/08/129331_max.jpeg?t=1786812348,270000,https://www.automobile.tn/fr/occasion/porsche/cayenne/129331,99,42000,27 cv,Porsche Cayenne,Traction,
2018,Manuelle,,Prix équitable,Essence,Tunis,https://catalogue.automobile.tn/max/2026/06/127481_max.jpeg?t=1784303840,153000,https://www.automobile.tn/fr/occasion/dacia/duster/127481,99,53800,7 cv,Dacia Duster,Intégrale,
2021,Manuelle,,Prix équitable,Essence,Tunis,https://catalogue.automobile.tn/max/2026/08/129334_max.jpeg?t=1786811223,95600,https://www.automobile.tn/fr/occasion/peugeot/2008/129334,99,59000,6 cv,Peugeot 2008,Traction,
1993,Manuelle,,Aucune évaluation,Diesel,Nabeul,https://catalogue.automobile.tn/max/2026/08/129066_max.jpeg?t=1786044348,320000,https://www.automobile.tn/fr/occasion/mitsubishi/pajero/129066,99,33000,10 cv,Mitsubishi Pajero,Intégrale,
2020,Manuelle,,Bon prix,Diesel,Tunis,https://catalogue.automobile.tn/max/2026/07/128632_max.jpeg?t=1787081120,198000,https://www.automobile.tn/fr/occasion/peugeot/expert/128632,98,45000,9 cv,Peugeot Expert,Traction,
2019,Automatique,,Prix équitable,Essence,Ben Arous,https://catalogue.automobile.tn/max/2026/08/129281_max.jpeg?t=1786714593,100000,https://www.automobile.tn/fr/occasion/nissan/qashqai/129281,98,70000,8 cv,Nissan Qashqai,Traction,
2017,Manuelle,,Très bon prix,Essence,Gabès,https://catalogue.automobile.tn/max/2026/08/129344_max.jpeg?t=1786857915,127000,https://www.automobile.tn/fr/occasion/kia/rio/129344,98,38000,5 cv,KIA Rio Berline,Traction,
2020,Automatique,,Prix élevé,Essence,Ben Arous,https://catalogue.automobile.tn/max/2026/05/126606_max.jpeg?t=1779125138,132000,https://www.automobile.tn/fr/occasion/kia/sportage/126606,98,86000,11 cv,KIA Sportage,Intégrale,
2002,Manuelle,,Aucune évaluation,Essence,Tunis,https://catalogue.automobile.tn/max/2026/08/129350_max.jpeg?t=1786956804,150000,https://www.automobile.tn/fr/occasion/fiat/uno/129350,98,8700,5 cv,Fiat Uno,Traction,
2018,Automatique,,Prix très élevé,Diesel,Sfax,https://catalogue.automobile.tn/max/2025/01/109905_max.jpeg?t=1786877029,32875,https://www.automobile.tn/fr/occasion/land-rover/range-rover-evoque/109905,98,145000,8 cv,Land Rover Range Rover Evoque,Intégrale,
2023,Automatique,,Prix équitable,Essence,Médenine,https://catalogue.automobile.tn/max/2026/08/129355_max.jpeg?t=1786956732,65035,https://www.automobile.tn/fr/occasion/hyundai/i30-fastback/129355,98,80000,7 cv,Hyundai i30 Fastback,Traction,
2021,Automatique,,Prix élevé,Essence,Tunis,https://catalogue.automobile.tn/max/2026/08/129321_max.jpeg?t=1787081120,83500,https://www.automobile.tn/fr/occasion/chery/tiggo-3x/129321,98,52000,6 cv,Chery Tiggo 3X,Traction,
2017,Manuelle,,Prix équitable,Essence,Tunis,https://catalogue.automobile.tn/max/2026/08/129356_max.jpeg?t=1786956725,150000,https://www.automobile.tn/fr/occasion/kia/rio-5p/129356,98,41000,5 cv,KIA Rio 5p,Traction,
2017,Automatique,,Prix très élevé,Essence,Gafsa,https://catalogue.automobile.tn/max/2026/01/122617_max.jpeg?t=1769024859,124200,https://www.automobile.tn/fr/occasion/suzuki/baleno/122617,98,48000,5 cv,Suzuki Baleno,Traction,
2013,Automatique,,Prix élevé,Essence,Nabeul,https://catalogue.automobile.tn/max/2026/08/129361_max.jpeg?t=1786886730,59000,https://www.automobile.tn/fr/occasion/volkswagen/golf-7/129361,97,59500,6 cv,Volkswagen Golf 7,Traction,
2019,Manuelle,,Prix équitable,Essence,Monastir,https://catalogue.automobile.tn/max/2026/08/129318_max.jpeg?t=1786889768,132000,https://www.automobile.tn/fr/occasion/ssangyong/tivoli/129318,97,51000,7 cv,Ssangyong Tivoli,Traction,
2005,Manuelle,,Très bon prix,Essence,Ben Arous,https://catalogue.automobile.tn/max/2026/08/129363_max.jpeg?t=1786956601,250000,https://www.automobile.tn/fr/occasion/renault/megane/129363,97,18000,6 cv,Renault Megane,Traction,
2018,Manuelle,,Bon prix,Essence,Tunis,https://catalogue.automobile.tn/max/2026/08/129166_max.jpeg?t=1786891434,74000,https://www.automobile.tn/fr/occasion/fiat/500/129166,97,36000,4 cv,Fiat 500,Traction,
2016,Manuelle,,Prix équitable,Essence,Sidi Bouzid,https://catalogue.automobile.tn/max/2026/07/128460_max.jpeg?t=1786893421,154000,https://www.automobile.tn/fr/occasion/peugeot/2008/128460,97,37000,5 cv,Peugeot 2008,Traction,
2021,Automatique,,Très bon prix,Hybride,Béja,https://catalogue.automobile.tn/max/2026/07/126888_max.jpeg?t=1786901778,62000,https://www.automobile.tn/fr/occasion/mercedes-benz/glc/126888,97,135000,12 cv,Mercedes-Benz GLC,Intégrale,
2017,Automatique,,Prix équitable,Essence,Ariana,https://catalogue.automobile.tn/max/2026/08/129368_max.jpeg?t=1786904729,170000,https://www.automobile.tn/fr/occasion/bmw/serie-3/129368,97,75000,7 cv,BMW Série 3,Propulsion,
2022,Automatique,,Prix équitable,Hybride,Ariana,https://catalogue.automobile.tn/max/2026/08/128870_max.jpeg?t=1786909299,58000,https://www.automobile.tn/fr/occasion/mercedes-benz/classe-c/128870,97,190000,9 cv,Mercedes-Benz Classe C,Propulsion,
2021,Manuelle,,Prix équitable,Essence,Ariana,https://catalogue.automobile.tn/max/2026/08/129370_max.jpeg?t=1786992213,48600,https://www.automobile.tn/fr/occasion/kia/rio-5p/129370,97,54500,5 cv,KIA Rio 5p,Traction,
2011,Manuelle,,Très bon prix,Diesel,Ariana,https://catalogue.automobile.tn/max/2026/08/129374_max.jpeg?t=1786956532,342120,https://www.automobile.tn/fr/occasion/volkswagen/passat/129374,97,34000,5 cv,Volkswagen Passat,Traction,
2003,Manuelle,,Aucune évaluation,Diesel,Monastir,https://catalogue.automobile.tn/max/2026/08/129272_max.jpeg?t=1786958755,290000,https://www.automobile.tn/fr/occasion/opel/zafira/129272,96,25000,8 cv,Opel Zafira,Traction,
2014,Automatique,,Très bon prix,Diesel,Tunis,https://catalogue.automobile.tn/max/2026/08/128892_max.jpeg?t=1786383946,141000,https://www.automobile.tn/fr/occasion/land-rover/discovery-sport/128892,96,87000,11 cv,Land Rover Discovery Sport,Intégrale,
2018,Manuelle,,Prix équitable,Essence,Sfax,https://catalogue.automobile.tn/max/2026/08/129378_max.jpeg?t=1786991455,87515,https://www.automobile.tn/fr/occasion/volkswagen/golf-7/129378,96,67000,5 cv,Volkswagen Golf 7,Traction,
2021,Automatique,,Prix équitable,Essence,Tunis,https://catalogue.automobile.tn/max/2026/04/125694_max.jpeg?t=1786965990,64200,https://www.automobile.tn/fr/occasion/bmw/serie-3/125694,96,118000,9 cv,BMW Série 3,Propulsion,
2021,Manuelle,,Prix équitable,Essence,Tunis,https://catalogue.automobile.tn/max/2026/07/127927_max.jpeg?t=1783091597,44000,https://www.automobile.tn/fr/occasion/volkswagen/golf-8/127927,96,85000,6 cv,Volkswagen Golf 8,Traction,
2018,Manuelle,,Prix équitable,Essence,Ben Arous,https://catalogue.automobile.tn/max/2026/08/129383_max.jpeg?t=1786991390,65000,https://www.automobile.tn/fr/occasion/nissan/micra/129383,96,34000,5 cv,Nissan Micra,Traction,
2016,Manuelle,,Prix équitable,Essence,Médenine,https://catalogue.automobile.tn/max/2026/08/129384_max.jpeg?t=1786991168,157000,https://www.automobile.tn/fr/occasion/volkswagen/polo/129384,96,37000,4 cv,Volkswagen Polo,Traction,
2012,Automatique,,Prix équitable,Essence,Sousse,https://catalogue.automobile.tn/max/2026/08/129201_max.jpeg?t=1786970313,227000,https://www.automobile.tn/fr/occasion/volkswagen/golf-6/129201,96,39000,6 cv,Volkswagen Golf 6,Traction,
2019,Manuelle,,Aucune évaluation,Essence,Sfax,https://catalogue.automobile.tn/max/2026/08/129385_max.jpeg?t=1786991385,120000,https://www.automobile.tn/fr/occasion/fiat/fiorino/129385,96,32000,5 cv,Fiat Fiorino,Traction,
2009,Manuelle,,Prix équitable,Essence,La Manouba,https://catalogue.automobile.tn/max/2026/08/129233_max.jpeg?t=1786537573,245000,https://www.automobile.tn/fr/occasion/renault/symbol/129233,96,24000,5 cv,Renault Symbol,Traction,
2012,Automatique,,Prix équitable,Essence,Ben Arous,https://catalogue.automobile.tn/max/2026/07/128098_max.jpeg?t=1783461857,224000,https://www.automobile.tn/fr/occasion/mercedes-benz/classe-e-coupe/128098,95,60000,11 cv,Mercedes-Benz Classe E coupé,Propulsion,
2021,Manuelle,,Bon prix,Essence,Sousse,https://catalogue.automobile.tn/max/2026/08/129388_max.jpeg?t=1787001966,73000,https://www.automobile.tn/fr/occasion/volkswagen/t-cross/129388,95,70000,5 cv,Volkswagen T-Cross,Traction,
2008,Manuelle,,Aucune évaluation,Diesel,Ben Arous,https://catalogue.automobile.tn/max/2026/08/129393_max.jpeg?t=1787001949,360000,https://www.automobile.tn/fr/occasion/peugeot/partner/129393,95,14500,7 cv,Peugeot Partner,Traction,
2014,Automatique,,Bon prix,Diesel,Tunis,https://catalogue.automobile.tn/max/2026/08/129394_max.jpeg?t=1787001930,200000,https://www.automobile.tn/fr/occasion/land-rover/range-rover-evoque/129394,95,75000,9 cv,Land Rover Range Rover Evoque,Intégrale,
2021,Manuelle,,Prix équitable,Essence,Ariana,https://catalogue.automobile.tn/max/2026/08/129395_max.jpeg?t=1786992190,119000,https://www.automobile.tn/fr/occasion/hyundai/grand-i10/129395,95,42500,5 cv,Hyundai Grand i10,Traction,
2022,Manuelle,,Prix équitable,Essence,Ariana,https://catalogue.automobile.tn/max/2026/08/129396_max.jpeg?t=1786991257,185000,https://www.automobile.tn/fr/occasion/volkswagen/polo/129396,95,43900,4 cv,Volkswagen Polo,Traction,
2021,Manuelle,,Prix élevé,Diesel,Ariana,https://catalogue.automobile.tn/max/2026/08/129398_max.jpeg?t=1786991254,92000,https://www.automobile.tn/fr/occasion/peugeot/landtrek-double-cabine/129398,95,74000,6 cv,Peugeot Landtrek Double Cabine,Intégrale,
2019,Manuelle,,Prix équitable,Essence,Ben Arous,https://catalogue.automobile.tn/max/2026/08/129225_max.jpeg?t=1786522860,162000,https://www.automobile.tn/fr/occasion/renault/clio/129225,95,40000,5 cv,Renault Clio,Traction,
2017,Manuelle,,Prix équitable,Essence,Tunis,https://catalogue.automobile.tn/max/2026/08/129402_max.jpeg?t=1786994768,120000,https://www.automobile.tn/fr/occasion/seat/ibiza/129402,95,36000,4 cv,Seat Ibiza,Traction,
2026,Automatique,,Prix équitable,Essence,Sfax,https://catalogue.automobile.tn/max/2026/08/129407_max.jpeg?t=1786992168,3500,https://www.automobile.tn/fr/occasion/jetour/dashing/129407,95,107000,8 cv,Jetour Dashing,Traction,
2011,Manuelle,,Très bon prix,Diesel,Nabeul,https://catalogue.automobile.tn/max/2026/08/129411_max.jpeg?t=1787002824,130000,https://www.automobile.tn/fr/occasion/mercedes-benz/classe-c/129411,94,54000,7 cv,Mercedes-Benz Classe C,Traction,
2020,Manuelle,,Prix équitable,Essence,Monastir,https://catalogue.automobile.tn/max/2026/08/129413_max.jpeg?t=1787005576,74000,https://www.automobile.tn/fr/occasion/jeep/renegade/129413,94,72000,8 cv,Jeep Renegade,Traction,
2016,Manuelle,,Bon prix,Essence,La Manouba,https://catalogue.automobile.tn/max/2026/08/129414_max.jpeg?t=1787015224,100000,https://www.automobile.tn/fr/occasion/volkswagen/golf-7/129414,94,63000,6 cv,Volkswagen Golf 7,Traction,
2001,Manuelle,,Aucune évaluation,Diesel,Tunis,https://catalogue.automobile.tn/max/2026/08/129387_max.jpeg?t=1786992198,800000,https://www.automobile.tn/fr/occasion/nissan/navara/129387,94,22500,10 cv,Nissan Navara,Propulsion,
2011,Automatique,,Prix équitable,Essence,Sfax,https://catalogue.automobile.tn/max/2026/08/129416_max.jpeg?t=1787077564,179000,https://www.automobile.tn/fr/occasion/mercedes-benz/classe-c/129416,94,59000,9 cv,Mercedes-Benz Classe C,Traction,
2021,Manuelle,,Prix élevé,Diesel,Ben Arous,https://catalogue.automobile.tn/max/2026/06/127830_max.jpeg?t=1782727588,38000,https://www.automobile.tn/fr/occasion/citroen/berlingo-van/127830,94,55000,5 cv,Citroën Berlingo Van,Traction,
2016,Automatique,,Bon prix,Diesel,Médenine,https://catalogue.automobile.tn/max/2026/08/129421_max.jpeg?t=1787048721,137000,https://www.automobile.tn/fr/occasion/volkswagen/amarok/129421,94,110000,7 cv,Volkswagen Amarok,Intégrale,
2007,Manuelle,,Aucune évaluation,Diesel,La Manouba,https://catalogue.automobile.tn/max/2026/08/128992_max.jpeg?t=1787049164,700000,https://www.automobile.tn/fr/occasion/nissan/navara/128992,94,35000,8 cv,Nissan Navara,Intégrale,
2023,Automatique,,Prix très élevé,Hybride,Ariana,https://catalogue.automobile.tn/max/2026/08/129422_max.jpeg?t=1787063155,53000,https://www.automobile.tn/fr/occasion/kia/stonic/129422,94,85000,6 cv,KIA Stonic,Traction,
2011,Manuelle,,Prix très élevé,Essence,Sfax,https://catalogue.automobile.tn/max/2026/03/124478_max.jpeg?t=1784371200,293000,https://www.automobile.tn/fr/occasion/volkswagen/jetta/124478,94,35000,6 cv,Volkswagen Jetta,Traction,
2024,Manuelle,,Prix équitable,Essence,Ariana,https://catalogue.automobile.tn/max/2026/08/129424_max.jpeg?t=1787059574,31000,https://www.automobile.tn/fr/occasion/kia/stonic/129424,93,71000,5 cv,KIA Stonic,Traction,
2022,Automatique,,Prix élevé,Hybride,Ariana,https://catalogue.automobile.tn/max/2026/08/129427_max.jpeg?t=1787055973,56000,https://www.automobile.tn/fr/occasion/jeep/wrangler-unlimited/129427,93,225000,17 cv,Jeep Wrangler Unlimited,Intégrale,
2022,Automatique,,Très bon prix,Hybride,Ariana,https://catalogue.automobile.tn/max/2026/06/127708_max.jpeg?t=1784506135,34800,https://www.automobile.tn/fr/occasion/mercedes-benz/gla/127708,93,136000,8 cv,Mercedes-Benz GLA,Traction,
2019,Automatique,,Prix équitable,Essence,Tunis,https://catalogue.automobile.tn/max/2026/07/128475_max.jpeg?t=1787052233,174000,https://www.automobile.tn/fr/occasion/ford/fusion/128475,93,50000,9 cv,Ford Fusion,Traction,
2016,Automatique,,Aucune évaluation,Diesel,Kébili,https://catalogue.automobile.tn/max/2026/08/129431_max.jpeg?t=1787055945,380000,https://www.automobile.tn/fr/occasion/land-rover/range-rover-sport/129431,93,220000,19 cv,Land Rover Range Rover Sport,Intégrale,
2020,Manuelle,,Prix équitable,Essence,Ariana,https://catalogue.automobile.tn/max/2026/08/129116_max.jpeg?t=1787060628,115000,https://www.automobile.tn/fr/occasion/mahindra/kuv-100/129116,93,28500,5 cv,Mahindra KUV 100,Traction,
2020,Automatique,,Prix équitable,Essence,Sfax,https://catalogue.automobile.tn/max/2025/04/111414_max.jpeg?t=1783503290,94000,https://www.automobile.tn/fr/occasion/great-wall/h6/111414,93,70000,9 cv,GWM Haval H6,Traction,
2015,Automatique,,Prix élevé,Essence,Tunis,https://catalogue.automobile.tn/max/2026/08/129087_max.jpeg?t=1787066044,185000,https://www.automobile.tn/fr/occasion/nissan/qashqai/129087,93,48000,6 cv,Nissan Qashqai,Traction,
2018,Manuelle,,Bon prix,Essence,Tunis,https://catalogue.automobile.tn/max/2026/08/129259_max.jpeg?t=1786616789,117000,https://www.automobile.tn/fr/occasion/mahindra/kuv-100/129259,93,25000,5 cv,Mahindra KUV 100,Traction,
2021,Automatique,,Bon prix,Essence,Monastir,https://catalogue.automobile.tn/max/2026/08/129442_max.jpeg?t=1787080512,75000,https://www.automobile.tn/fr/occasion/hyundai/creta/129442,93,72500,7 cv,Hyundai Creta,Traction,
2023,Automatique,,Bon prix,Essence,Tunis,https://catalogue.automobile.tn/max/2026/06/127522_max.jpeg?t=1781781296,51000,https://www.automobile.tn/fr/occasion/bmw/serie-2-gran-coupe/127522,92,109000,8 cv,BMW Série 2 Gran Coupé,Traction,
2011,Automatique,,Bon prix,Diesel,Ben Arous,https://catalogue.automobile.tn/max/2026/08/129447_max.jpeg?t=1787080434,107000,https://www.automobile.tn/fr/occasion/mercedes-benz/classe-e/129447,92,62000,10 cv,Mercedes-Benz Classe E,Traction,
2020,Automatique,,Prix équitable,Essence,Ariana,https://catalogue.automobile.tn/max/2026/05/126741_max.jpeg?t=1787078863,85000,https://www.automobile.tn/fr/occasion/jeep/renegade/126741,92,71000,8 cv,Jeep Renegade,Traction,
2013,Manuelle,,Prix équitable,Essence,Ariana,https://catalogue.automobile.tn/max/2026/08/129255_max.jpeg?t=1787084341,168000,https://www.automobile.tn/fr/occasion/citroen/c4/129255,92,31000,6 cv,Citroën C4,Traction,
2023,Automatique,,Bon prix,Essence,Ariana,https://catalogue.automobile.tn/max/2026/08/129453_max.jpeg?t=1787125099,31000,https://www.automobile.tn/fr/occasion/kia/sportage/129453,92,118000,10 cv,KIA Sportage,Traction,
2010,Automatique,,Prix équitable,Diesel,Ariana,https://catalogue.automobile.tn/max/2026/08/129454_max.jpeg?t=1787123940,229718,https://www.automobile.tn/fr/occasion/bmw/x6/129454,92,85000,15 cv,BMW X6,Intégrale,
2009,Manuelle,,Prix très élevé,Diesel,Ben Arous,https://catalogue.automobile.tn/max/2026/08/129140_max.jpeg?t=1787097280,499000,https://www.automobile.tn/fr/occasion/citroen/c5/129140,92,25000,6 cv,Citroën C5,Traction,
2017,Manuelle,,Bon prix,Essence,Ben Arous,https://catalogue.automobile.tn/max/2026/08/129405_max.jpeg?t=1786991200,170000,https://www.automobile.tn/fr/occasion/kia/rio/129405,92,38000,5 cv,KIA Rio Berline,Traction,
2021,Manuelle,,Prix très élevé,Essence,Nabeul,https://catalogue.automobile.tn/max/2026/08/129457_max.jpeg?t=1787132840,152000,https://www.automobile.tn/fr/occasion/hyundai/grand-i10/129457,92,43500,5 cv,Hyundai Grand i10,Traction,
2013,Automatique,,Très bon prix,Diesel,Tunis,https://catalogue.automobile.tn/max/2026/08/129461_max.jpeg?t=1787151662,70000,https://www.automobile.tn/fr/occasion/mercedes-benz/cla/129461,92,70000,9 cv,Mercedes-Benz CLA,Traction,
2017,Manuelle,,Prix élevé,Essence,Tunis,https://catalogue.automobile.tn/max/2026/08/129466_max.jpeg?t=1787138840,119000,https://www.automobile.tn/fr/occasion/jeep/renegade/129466,91,54000,6 cv,Jeep Renegade,Traction,
1995,Manuelle,,Aucune évaluation,Essence,Tunis,https://catalogue.automobile.tn/max/2026/08/129467_max.jpeg?t=1787151733,142800,https://www.automobile.tn/fr/occasion/opel/corsa/129467,91,12500,4 cv,Opel Corsa,Traction,
2016,Manuelle,,Prix équitable,Essence,Monastir,https://catalogue.automobile.tn/max/2026/07/128467_max.jpeg?t=1784579191,123000,https://www.automobile.tn/fr/occasion/mazda/3-sedan/128467,91,44000,6 cv,Mazda 3 sedan,Traction,
2017,Manuelle,,Aucune évaluation,Essence,Zaghouan,https://catalogue.automobile.tn/max/2026/08/129469_max.jpeg?t=1787145917,394000,https://www.automobile.tn/fr/occasion/mazda/2-sedan/129469,91,35500,6 cv,Mazda 2 Sedan,Traction,
2026,Automatique,,Aucune évaluation,Hybride,Gabès,https://catalogue.automobile.tn/max/2026/07/128432_max.jpeg?t=1787150150,1000,https://www.automobile.tn/fr/occasion/toyota/tacoma/128432,91,250000,12 cv,Toyota Tacoma,Intégrale,
2026,Automatique,,Prix équitable,Hybride,Ariana,https://catalogue.automobile.tn/max/2026/08/129471_max.jpeg?t=1787153160,5300,https://www.automobile.tn/fr/occasion/toyota/yaris-cross/129471,91,106000,5 cv,Toyota Yaris Cross Hybride,Traction,
1999,Manuelle,,Aucune évaluation,Essence,Le Kef,https://catalogue.automobile.tn/max/2026/08/129472_max.jpeg?t=1787153465,400000,https://www.automobile.tn/fr/occasion/audi/a4/129472,91,19600,8 cv,Audi A4,Traction,
2013,Automatique,,Aucune évaluation,Essence,Sousse,https://catalogue.automobile.tn/max/2026/08/129426_max.jpeg?t=1787161315,130000,https://www.automobile.tn/fr/occasion/chevrolet/camaro/129426,91,74000,23 cv,Chevrolet Camaro,Propulsion,
2024,Manuelle,,Prix équitable,Essence,Ariana,https://catalogue.automobile.tn/max/2026/08/129475_max.jpeg?t=1787173258,100000,https://www.automobile.tn/fr/occasion/peugeot/208/129475,91,40000,5 cv,Peugeot 208,Traction,
2018,Automatique,,Aucune évaluation,Diesel,Ben Arous,https://catalogue.automobile.tn/max/2026/08/129478_max.jpeg?t=1787315796,128000,https://www.automobile.tn/fr/occasion/volkswagen/passat/129478,91,75000,6 cv,Volkswagen Passat,Traction,
2021,Manuelle,,Prix élevé,Essence,Ben Arous,https://catalogue.automobile.tn/max/2026/08/128940_max.jpeg?t=1785777951,135000,https://www.automobile.tn/fr/occasion/kia/rio-5p/128940,90,59000,5 cv,KIA Rio 5p,Traction,
2026,Automatique,,Bon prix,Hybride,Ariana,https://catalogue.automobile.tn/max/2026/08/129016_max.jpeg?t=1785932776,3000,https://www.automobile.tn/fr/occasion/toyota/yaris-cross/129016,90,100000,5 cv,Toyota Yaris Cross Hybride,Traction,
2021,Manuelle,,Prix élevé,Essence,Tunis,https://catalogue.automobile.tn/max/2026/08/129481_max.jpeg?t=1787181920,130000,https://www.automobile.tn/fr/occasion/hyundai/i20/129481,90,50000,5 cv,Hyundai i20,Traction,
2019,Automatique,,Prix équitable,Essence,Ben Arous,https://catalogue.automobile.tn/max/2026/07/128763_max.jpeg?t=1786618387,140000,https://www.automobile.tn/fr/occasion/hyundai/tucson/128763,90,71000,8 cv,Hyundai Tucson,Traction,
2022,Manuelle,,Prix équitable,Essence,La Manouba,https://catalogue.automobile.tn/max/2026/08/129483_max.jpeg?t=1787221529,94000,https://www.automobile.tn/fr/occasion/toyota/agya/129483,90,35500,5 cv,Toyota Agya,Traction,
2023,Automatique,,Prix équitable,Essence,Ariana,https://catalogue.automobile.tn/max/2026/08/129048_max.jpeg?t=1787208486,75000,https://www.automobile.tn/fr/occasion/seat/leon/129048,90,89000,8 cv,Seat Leon,Traction,
2017,Automatique,,Prix équitable,Essence,Tunis,https://catalogue.automobile.tn/max/2026/08/129484_max.jpeg?t=1787221501,140000,https://www.automobile.tn/fr/occasion/bmw/x1/129484,90,72000,7 cv,BMW X1,Traction,
2021,Automatique,,Prix élevé,Essence,Ariana,https://catalogue.automobile.tn/max/2026/08/129486_max.jpeg?t=1787228735,124100,https://www.automobile.tn/fr/occasion/toyota/corolla-5p/129486,90,64900,6 cv,Toyota Corolla,Traction,
2016,Manuelle,,Bon prix,Essence,Sousse,https://catalogue.automobile.tn/max/2026/08/129488_max.jpeg?t=1787221540,117000,https://www.automobile.tn/fr/occasion/ford/focus-berline/129488,90,40000,6 cv,Ford Focus sedan,Traction,
2022,Automatique,,Prix équitable,Hybride,Kairouan,https://catalogue.automobile.tn/max/2026/08/129489_max.jpeg?t=1787221518,89000,https://www.automobile.tn/fr/occasion/hyundai/tucson/129489,90,118000,10 cv,Hyundai Tucson,Intégrale,
2014,Manuelle,,Prix équitable,Essence,Sfax,https://catalogue.automobile.tn/max/2026/08/129491_max.jpeg?t=1787324665,160000,https://www.automobile.tn/fr/occasion/mazda/3-sedan/129491,89,40000,6 cv,Mazda 3 sedan,Traction,
2020,Automatique,,Bon prix,Essence,Sfax,https://catalogue.automobile.tn/max/2026/08/129495_max.jpeg?t=1787225129,150000,https://www.automobile.tn/fr/occasion/honda/city/129495,89,37000,7 cv,Honda City,Traction,
2013,Automatique,,Très bon prix,Essence,Ariana,https://catalogue.automobile.tn/max/2026/03/122934_max.jpeg?t=1787234417,150000,https://www.automobile.tn/fr/occasion/porsche/panamera/122934,89,107000,20 cv,Porsche Panamera,Traction,
2019,Manuelle,,Aucune évaluation,Diesel,Gabès,https://catalogue.automobile.tn/max/2026/07/128358_max.jpeg?t=1787240598,125000,https://www.automobile.tn/fr/occasion/peugeot/2008/128358,89,65900,5 cv,Peugeot 2008,Traction,
2005,Manuelle,,Aucune évaluation,Essence,Gabès,https://catalogue.automobile.tn/max/2026/07/128120_max.jpeg?t=1785490754,300000,https://www.automobile.tn/fr/occasion/peugeot/307/128120,89,35000,5 cv,Peugeot 307,Traction,
2022,Automatique,,Prix équitable,Hybride,Tunis,https://catalogue.automobile.tn/max/2026/07/128603_max.jpeg?t=1787244033,42000,https://www.automobile.tn/fr/occasion/toyota/rav-4/128603,89,142000,9 cv,Toyota RAV 4,Traction,
2021,Manuelle,,Prix équitable,Essence,Nabeul,https://catalogue.automobile.tn/max/2026/08/129124_max.jpeg?t=1787245708,131000,https://www.automobile.tn/fr/occasion/seat/arona/129124,89,61500,6 cv,Seat Arona,Traction,
2022,Automatique,,Prix équitable,Essence,Nabeul,https://catalogue.automobile.tn/max/2026/08/129508_max.jpeg?t=1787260401,29000,https://www.automobile.tn/fr/occasion/great-wall/h6/129508,89,92000,8 cv,GWM Haval H6,Traction,
2018,Automatique,,Très bon prix,Essence,Ariana,https://catalogue.automobile.tn/max/2026/08/129059_max.jpeg?t=1787247705,197000,https://www.automobile.tn/fr/occasion/kia/sportage/129059,89,57000,8 cv,KIA Sportage,Traction,
2022,Automatique,,Prix équitable,Hybride,Tunis,https://catalogue.automobile.tn/max/2026/08/129129_max.jpeg?t=1787248134,100000,https://www.automobile.tn/fr/occasion/volkswagen/golf-8/129129,89,94000,8 cv,Volkswagen Golf 8,Traction,
2025,Automatique,,Aucune évaluation,Hybride,Ben Arous,https://catalogue.automobile.tn/max/2026/08/129093_max.jpeg?t=1787255069,12000,https://www.automobile.tn/fr/occasion/mercedes-benz/classe-e-plug-in-hybride/129093,88,215000,11 cv,Mercedes-Benz Classe E Plug-in Hybride,Propulsion,
2019,Automatique,,Prix équitable,Essence,Ariana,https://catalogue.automobile.tn/max/2026/08/129511_max.jpeg?t=1787324569,86000,https://www.automobile.tn/fr/occasion/honda/cr-v/129511,88,94000,11 cv,Honda CR-V,Intégrale,
2025,Automatique,,Bon prix,Hybride,Monastir,https://catalogue.automobile.tn/max/2026/08/129065_max.jpeg?t=1787259849,20000,https://www.automobile.tn/fr/occasion/byd/king/129065,88,80000,5 cv,BYD King,Traction,
2022,Automatique,,Prix équitable,Essence,Ben Arous,https://catalogue.automobile.tn/max/2026/08/129513_max.jpeg?t=1787322494,81800,https://www.automobile.tn/fr/occasion/great-wall/h6/129513,88,92000,8 cv,GWM Haval H6,Traction,
2022,Automatique,,Très bon prix,Essence,Ben Arous,https://catalogue.automobile.tn/max/2026/08/129514_max.jpeg?t=1787268352,87063,https://www.automobile.tn/fr/occasion/toyota/c-hr/129514,88,73000,6 cv,Toyota C-HR,Traction,
2024,Manuelle,,Prix élevé,Essence,Ben Arous,https://catalogue.automobile.tn/max/2026/08/129515_max.jpeg?t=1787320934,86500,https://www.automobile.tn/fr/occasion/kia/picanto/129515,88,41000,4 cv,KIA Picanto,Traction,
2022,Automatique,,Aucune évaluation,Hybride,Monastir,https://catalogue.automobile.tn/max/2026/08/129517_max.jpeg?t=1787320923,97348,https://www.automobile.tn/fr/occasion/opel/grandland/129517,88,76000,10 cv,Opel Grandland,Traction,
2016,Manuelle,,Prix équitable,Essence,Gafsa,https://catalogue.automobile.tn/max/2026/08/129512_max.jpeg?t=1787322505,140000,https://www.automobile.tn/fr/occasion/mazda/2/129512,88,36000,6 cv,Mazda 2,Traction,
2021,Automatique,,Aucune évaluation,Diesel,Tunis,https://catalogue.automobile.tn/max/2025/12/121513_max.jpeg?t=1776514154,97500,https://www.automobile.tn/fr/occasion/land-rover/defender/121513,88,340000,12 cv,Land Rover Defender 110,Intégrale,
2021,Automatique,,Bon prix,Hybride,Ben Arous,https://catalogue.automobile.tn/max/2026/07/128808_max.jpeg?t=1785428806,140000,https://www.automobile.tn/fr/occasion/mercedes-benz/glc/128808,88,165000,12 cv,Mercedes-Benz GLC,Intégrale,
1999,Manuelle,,Aucune évaluation,Essence,Tunis,https://catalogue.automobile.tn/max/2026/04/125776_max.jpeg?t=1787303337,175000,https://www.automobile.tn/fr/occasion/suzuki/jimny/125776,87,25000,6 cv,Suzuki Jimny 3 portes,Intégrale,
2023,Automatique,,Très bon prix,Hybride,Médenine,https://catalogue.automobile.tn/max/2026/06/127138_max.jpeg?t=1784625209,105000,https://www.automobile.tn/fr/occasion/mg/ehs/127138,87,73000,8 cv,MG e-HS,Traction,
2021,Automatique,,Prix équitable,Essence,Tunis,https://catalogue.automobile.tn/max/2026/08/129057_max.jpeg?t=1786032513,91000,https://www.automobile.tn/fr/occasion/great-wall/jolion/129057,87,73000,9 cv,GWM Haval Jolion,Traction,
2015,Manuelle,,Aucune évaluation,Diesel,Tunis,https://catalogue.automobile.tn/max/2026/08/129524_max.jpeg?t=1787311559,225000,https://www.automobile.tn/fr/occasion/renault/kadjar/129524,87,48000,5 cv,Renault Kadjar,Traction,
2022,Automatique,,Bon prix,Hybride,Bizerte,https://catalogue.automobile.tn/max/2026/08/129522_max.jpeg?t=1787307965,98000,https://www.automobile.tn/fr/occasion/mercedes-benz/classe-a/129522,87,100000,8 cv,Mercedes-Benz Classe A,Propulsion,
2025,Automatique,,Prix très élevé,Essence,Bizerte,https://catalogue.automobile.tn/max/2026/08/129470_max.jpeg?t=1787153195,19000,https://www.automobile.tn/fr/occasion/skoda/octavia/129470,87,120000,8 cv,Skoda Octavia,Traction,
2010,Manuelle,,Prix équitable,Essence,Sousse,https://catalogue.automobile.tn/max/2026/06/127623_max.jpeg?t=1782129149,256000,https://www.automobile.tn/fr/occasion/volkswagen/tiguan/127623,87,35000,11 cv,Volkswagen Tiguan,Intégrale,
2020,Automatique,,Prix équitable,Essence,Nabeul,https://catalogue.automobile.tn/max/2026/08/129412_max.jpeg?t=1787313391,240000,https://www.automobile.tn/fr/occasion/volkswagen/golf-7/129412,87,52000,6 cv,Volkswagen Golf 7,Traction,
2021,Automatique,,Bon prix,Essence,Ariana,https://catalogue.automobile.tn/max/2026/07/128373_max.jpeg?t=1787317694,148000,https://www.automobile.tn/fr/occasion/kia/sportage/128373,87,77000,8 cv,KIA Sportage,Traction,
2010,Manuelle,,Prix élevé,Essence,Ariana,https://catalogue.automobile.tn/max/2026/07/127939_max.jpeg?t=1783026087,237000,https://www.automobile.tn/fr/occasion/kia/rio/127939,87,26000,6 cv,KIA Rio Berline,Traction,
2001,Manuelle,,Prix très élevé,Essence,Tunis,https://catalogue.automobile.tn/max/2026/08/129352_max.jpeg?t=1786890395,350000,https://www.automobile.tn/fr/occasion/peugeot/206/129352,86,18500,5 cv,Peugeot 206,Traction,
2022,Automatique,,Prix très élevé,Essence,Nabeul,https://catalogue.automobile.tn/max/2026/07/128277_max.jpeg?t=1786628302,59000,https://www.automobile.tn/fr/occasion/hyundai/tucson/128277,86,125000,10 cv,Hyundai Tucson,Intégrale,
2018,Manuelle,,Prix élevé,Essence,Tunis,https://catalogue.automobile.tn/max/2026/08/129537_max.jpeg?t=1787362915,128500,https://www.automobile.tn/fr/occasion/suzuki/celerio/129537,86,29500,4 cv,Suzuki Celerio,Traction,
2011,Manuelle,,Aucune évaluation,Diesel,Médenine,https://catalogue.automobile.tn/max/2026/08/129418_max.jpeg?t=1787341975,220000,https://www.automobile.tn/fr/occasion/skoda/octavia/129418,86,37000,5 cv,Skoda Octavia,Propulsion,
2022,Automatique,,Prix équitable,Essence,Sfax,https://catalogue.automobile.tn/max/2026/08/129539_max.jpeg?t=1787362875,90000,https://www.automobile.tn/fr/occasion/hyundai/i20/129539,86,62400,5 cv,Hyundai i20,Traction,
2021,Automatique,,Prix équitable,Essence,Tunis,https://catalogue.automobile.tn/max/2026/08/129540_max.jpeg?t=1787362859,44000,https://www.automobile.tn/fr/occasion/toyota/agya/129540,86,40000,5 cv,Toyota Agya,Traction,
2021,Automatique,,Prix équitable,Essence,Sfax,https://catalogue.automobile.tn/max/2026/08/129410_max.jpeg?t=1787002861,165000,https://www.automobile.tn/fr/occasion/great-wall/jolion/129410,86,65000,9 cv,GWM Haval Jolion,Traction,
2010,Manuelle,,Aucune évaluation,Essence,Ben Arous,https://catalogue.automobile.tn/max/2026/08/129450_max.jpeg?t=1787349089,450000,https://www.automobile.tn/fr/occasion/renault/megane/129450,86,35000,5 cv,Renault Megane,Traction,
2019,Automatique,,Prix équitable,Essence,Sousse,https://catalogue.automobile.tn/max/2026/08/129542_max.jpeg?t=1787355658,144000,https://www.automobile.tn/fr/occasion/kia/sportage/129542,86,77000,8 cv,KIA Sportage,Traction,
2022,Manuelle,,Aucune évaluation,Diesel,Tunis,https://catalogue.automobile.tn/max/2026/08/129544_max.jpeg?t=1787403552,62000,https://www.automobile.tn/fr/occasion/volkswagen/golf-8/129544,86,120000,6 cv,Volkswagen Golf 8,Traction,
2024,Automatique,,Aucune évaluation,Hybride,Nabeul,https://catalogue.automobile.tn/max/2026/06/126698_max.jpeg?t=1785050786,5700,https://www.automobile.tn/fr/occasion/mercedes-benz/classe-e/126698,85,258000,11 cv,Mercedes-Benz Classe E,Intégrale,
2023,Automatique,,Bon prix,Electrique,Nabeul,https://catalogue.automobile.tn/max/2026/03/124848_max.jpeg?t=1785050919,50000,https://www.automobile.tn/fr/occasion/mercedes-benz/eqe-berline/124848,85,168000,8 cv,Mercedes-Benz EQE Berline,Propulsion,
2025,Automatique,,Très bon prix,Hybride,Nabeul,https://catalogue.automobile.tn/max/2026/08/129309_max.jpeg?t=1786747444,40000,https://www.automobile.tn/fr/occasion/mercedes-benz/classe-e/129309,85,258000,11 cv,Mercedes-Benz Classe E,Propulsion,
2021,Automatique,,Très bon prix,Essence,Tunis,https://catalogue.automobile.tn/max/2026/08/129550_max.jpeg?t=1787540879,120000,https://www.automobile.tn/fr/occasion/peugeot/3008/129550,85,60000,9 cv,Peugeot 3008,Traction,
2022,Manuelle,,Prix équitable,Essence,Ben Arous,https://catalogue.automobile.tn/max/2026/08/129551_max.jpeg?t=1787416022,113000,https://www.automobile.tn/fr/occasion/kia/picanto/129551,85,35500,4 cv,KIA Picanto,Traction,
2019,Manuelle,,Prix équitable,Essence,Tunis,https://catalogue.automobile.tn/max/2026/08/129552_max.jpeg?t=1787408794,69800,https://www.automobile.tn/fr/occasion/mercedes-benz/classe-a/129552,85,99000,7 cv,Mercedes-Benz Classe A,Traction,
2024,Automatique,,Prix équitable,Hybride,Nabeul,https://catalogue.automobile.tn/max/2026/08/129553_max.jpeg?t=1787540477,79000,https://www.automobile.tn/fr/occasion/great-wall/h6/129553,85,95000,8 cv,GWM Haval H6,Traction,
2025,Automatique,,Prix élevé,Hybride,Ariana,https://catalogue.automobile.tn/max/2026/06/127468_max.jpeg?t=1787400454,18000,https://www.automobile.tn/fr/occasion/mg/3-hybride/127468,85,73000,5 cv,MG 3 Hybrid+,Traction,
2016,Manuelle,,Prix élevé,Essence,Ariana,https://catalogue.automobile.tn/max/2026/08/129559_max.jpeg?t=1787540872,152600,https://www.automobile.tn/fr/occasion/ford/focus/129559,85,40000,6 cv,Ford Focus,Traction,
2019,Automatique,,Aucune évaluation,Essence,Sousse,https://catalogue.automobile.tn/max/2026/08/129479_max.jpeg?t=1787689927,200000,https://www.automobile.tn/fr/occasion/volkswagen/golf-7/129479,85,75000,6 cv,Volkswagen Golf 7,Traction,
2017,Automatique,,Prix très élevé,Diesel,Tunis,https://catalogue.automobile.tn/max/2026/08/129566_max.jpeg?t=1787415955,110000,https://www.automobile.tn/fr/occasion/land-rover/range-rover-sport/129566,84,170000,20 cv,Land Rover Range Rover Sport,Intégrale,
2024,Automatique,,Très bon prix,Electrique,Ariana,https://catalogue.automobile.tn/max/2026/08/128879_max.jpeg?t=1787587524,43000,https://www.automobile.tn/fr/occasion/mg/4/128879,84,65000,5 cv,MG 4,Propulsion,
2016,Automatique,,Prix très élevé,Essence,Ben Arous,https://catalogue.automobile.tn/max/2026/08/129567_max.jpeg?t=1787541039,210000,https://www.automobile.tn/fr/occasion/ford/fusion/129567,84,58000,9 cv,Ford Fusion,Traction,
2013,Manuelle,,Bon prix,Essence,Béja,https://catalogue.automobile.tn/max/2026/08/129568_max.jpeg?t=1787586683,200000,https://www.automobile.tn/fr/occasion/fiat/grande-punto/129568,84,23000,4 cv,Fiat Grande Punto,Traction,
2008,Manuelle,,Aucune évaluation,Diesel,La Manouba,https://catalogue.automobile.tn/max/2026/08/129373_max.jpeg?t=1787426558,360000,https://www.automobile.tn/fr/occasion/renault/megane/129373,84,21000,6 cv,Renault Megane,Traction,
2020,Manuelle,,Prix très élevé,Essence,Nabeul,https://catalogue.automobile.tn/max/2026/08/129570_max.jpeg?t=1787540842,48000,https://www.automobile.tn/fr/occasion/suzuki/baleno/129570,84,49000,5 cv,Suzuki Baleno,Traction,
2022,Manuelle,,Aucune évaluation,Diesel,Gabès,https://catalogue.automobile.tn/max/2026/08/128947_max.jpeg?t=1785787844,81000,https://www.automobile.tn/fr/occasion/isuzu/d-max-dc/128947,84,130000,8 cv,Isuzu D-Max Double Cabine,Intégrale,
2022,Manuelle,,Prix élevé,Essence,Monastir,https://catalogue.automobile.tn/max/2026/08/129573_max.jpeg?t=1787437579,55000,https://www.automobile.tn/fr/occasion/volkswagen/t-roc/129573,84,93000,6 cv,Volkswagen T-roc,Traction,
2013,Automatique,,Bon prix,Essence,Tunis,https://catalogue.automobile.tn/max/2026/08/129574_max.jpeg?t=1787437548,175000,https://www.automobile.tn/fr/occasion/porsche/cayenne/129574,84,102000,21 cv,Porsche Cayenne,Intégrale,
2020,Automatique,,Bon prix,Essence,Ariana,https://catalogue.automobile.tn/max/2026/08/128884_max.jpeg?t=1786351210,100000,https://www.automobile.tn/fr/occasion/toyota/corolla-5p/128884,84,61500,6 cv,Toyota Corolla,Traction,
2024,Manuelle,,Prix équitable,Diesel,Nabeul,https://catalogue.automobile.tn/max/2026/08/128927_max.jpeg?t=1787479211,33000,https://www.automobile.tn/fr/occasion/fiat/fiorino/128927,83,42900,5 cv,Fiat Fiorino,Traction,
2019,Manuelle,,Prix très élevé,Essence,Nabeul,https://catalogue.automobile.tn/max/2026/07/128255_max.jpeg?t=1787483956,146000,https://www.automobile.tn/fr/occasion/peugeot/2008/128255,83,47000,7 cv,Peugeot 2008,Intégrale,
2021,Manuelle,,Aucune évaluation,Diesel,Mahdia,https://catalogue.automobile.tn/max/2026/06/127275_max.jpeg?t=1785041941,367000,https://www.automobile.tn/fr/occasion/ford/transit-custom/127275,83,49000,7 cv,Ford Transit Custom,Traction,
2021,Manuelle,,Bon prix,Essence,Ben Arous,https://catalogue.automobile.tn/max/2026/08/129582_max.jpeg?t=1787540779,112000,https://www.automobile.tn/fr/occasion/renault/clio/129582,83,45500,5 cv,Renault Clio,Traction,
2022,Automatique,,Aucune évaluation,Essence,Sousse,https://catalogue.automobile.tn/max/2026/08/129583_max.jpeg?t=1787540774,106000,https://www.automobile.tn/fr/occasion/hyundai/i10/129583,83,38500,4 cv,Hyundai i10,Traction,
2023,Manuelle,,Prix élevé,Diesel,Sousse,https://catalogue.automobile.tn/max/2026/08/129585_max.jpeg?t=1787540759,101000,https://www.automobile.tn/fr/occasion/volkswagen/caddy/129585,83,65800,5 cv,Volkswagen Caddy,Traction,
2017,Automatique,,Très bon prix,Diesel,Nabeul,https://catalogue.automobile.tn/max/2026/08/129586_max.jpeg?t=1787540745,149000,https://www.automobile.tn/fr/occasion/mercedes-benz/classe-c/129586,83,79000,7 cv,Mercedes-Benz Classe C,Traction,
2022,Automatique,,Très bon prix,Hybride,Gabès,https://catalogue.automobile.tn/max/2026/08/129587_max.jpeg?t=1787498785,82500,https://www.automobile.tn/fr/occasion/cupra/formentor/129587,83,93000,8 cv,Cupra Formentor,Intégrale,
2022,Automatique,,Très bon prix,Hybride,Mahdia,https://catalogue.automobile.tn/max/2026/08/129588_max.jpeg?t=1787822280,107000,https://www.automobile.tn/fr/occasion/hyundai/tucson/129588,83,100000,8 cv,Hyundai Tucson,Intégrale,
2016,Manuelle,,Prix très élevé,Essence,Nabeul,https://catalogue.automobile.tn/max/2026/06/127886_max.jpeg?t=1787496955,260000,https://www.automobile.tn/fr/occasion/volkswagen/passat/127886,83,56900,7 cv,Volkswagen Passat,Traction,
2019,Manuelle,,Prix équitable,Essence,Gafsa,https://catalogue.automobile.tn/max/2026/08/129592_max.jpeg?t=1787540690,41000,https://www.automobile.tn/fr/occasion/mahindra/kuv-100/129592,82,30000,5 cv,Mahindra KUV 100,Traction,
2019,Automatique,,Bon prix,Essence,Ariana,https://catalogue.automobile.tn/max/2026/08/129324_max.jpeg?t=1787512832,118868,https://www.automobile.tn/fr/occasion/nissan/qashqai/129324,82,60000,6 cv,Nissan Qashqai,Traction,
2022,Automatique,,Prix équitable,Hybride,Siliana,https://catalogue.automobile.tn/max/2026/08/129594_max.jpeg?t=1787587506,69000,https://www.automobile.tn/fr/occasion/volkswagen/tiguan/129594,82,135000,8 cv,Volkswagen Tiguan,Propulsion,
2019,Automatique,,Aucune évaluation,Essence,Ben Arous,https://catalogue.automobile.tn/max/2026/08/129595_max.jpeg?t=1787540678,90000,https://www.automobile.tn/fr/occasion/land-rover/range-rover-sport/129595,82,230000,24 cv,Land Rover Range Rover Sport,Intégrale,
2023,Automatique,,Prix équitable,Essence,Ariana,https://catalogue.automobile.tn/max/2026/07/128551_max.jpeg?t=1784805928,20000,https://www.automobile.tn/fr/occasion/audi/a1-sportback/128551,82,92000,6 cv,Audi A1 Sportback,Traction,
2017,Manuelle,,Bon prix,Essence,Monastir,https://catalogue.automobile.tn/max/2026/08/129597_max.jpeg?t=1787587524,211000,https://www.automobile.tn/fr/occasion/mazda/6/129597,82,40000,8 cv,Mazda 6,Traction,
2021,Automatique,,Prix équitable,Hybride,Nabeul,https://catalogue.automobile.tn/max/2025/06/115444_max.jpeg?t=1783711466,80000,https://www.automobile.tn/fr/occasion/mercedes-benz/classe-a/115444,82,109000,8 cv,Mercedes-Benz Classe A,Traction,
2022,Automatique,,Prix équitable,Hybride,Nabeul,https://catalogue.automobile.tn/max/2025/08/117303_max.jpeg?t=1772888764,98000,https://www.automobile.tn/fr/occasion/land-rover/range-rover-evoque/117303,82,169000,11 cv,Land Rover Range Rover Evoque,Traction,
2022,Automatique,,Prix très élevé,Hybride,Nabeul,https://catalogue.automobile.tn/max/2025/11/120278_max.jpeg?t=1771592881,98000,https://www.automobile.tn/fr/occasion/audi/a3-sportback/120278,82,119000,8 cv,Audi A3 Sportback,Traction,
2021,Automatique,,Très bon prix,Essence,Nabeul,https://catalogue.automobile.tn/max/2025/11/120279_max.jpeg?t=1771592655,153000,https://www.automobile.tn/fr/occasion/volkswagen/golf-8/120279,82,73500,6 cv,Volkswagen Golf 8,Traction,
2022,Automatique,,Bon prix,Hybride,Nabeul,https://catalogue.automobile.tn/max/2026/07/128211_max.jpeg?t=1783711545,120000,https://www.automobile.tn/fr/occasion/mercedes-benz/cla/128211,81,113000,8 cv,Mercedes-Benz CLA,Traction,
2025,Automatique,,Prix très élevé,Hybride,Gafsa,https://catalogue.automobile.tn/max/2026/08/129596_max.jpeg?t=1787523981,13000,https://www.automobile.tn/fr/occasion/toyota/rav-4/129596,81,200000,4 cv,Toyota RAV 4,Intégrale,
2018,Automatique,,Bon prix,Diesel,Médenine,https://catalogue.automobile.tn/max/2026/07/128778_max.jpeg?t=1785356719,70000,https://www.automobile.tn/fr/occasion/toyota/hilux/128778,81,169000,8 cv,Toyota Hilux Double Cabine,Intégrale,
2006,Manuelle,,Aucune évaluation,Essence,Monastir,https://catalogue.automobile.tn/max/2026/08/129599_max.jpeg?t=1787540633,140000,https://www.automobile.tn/fr/occasion/peugeot/206-cc/129599,81,16000,9 cv,Peugeot 206 cc,Traction,
2012,Manuelle,,Prix équitable,Essence,Ben Arous,https://catalogue.automobile.tn/max/2026/08/129601_max.jpeg?t=1787571347,270000,https://www.automobile.tn/fr/occasion/volkswagen/golf-6/129601,81,37000,5 cv,Volkswagen Golf 6,Traction,
2021,Automatique,,Prix très élevé,Essence,Tunis,https://catalogue.automobile.tn/max/2026/05/126456_max.jpeg?t=1784730497,47000,https://www.automobile.tn/fr/occasion/mg/hs/126456,81,92000,15 cv,MG HS,Intégrale,
2021,Automatique,,Prix équitable,Essence,Tunis,https://catalogue.automobile.tn/max/2026/05/126495_max.jpeg?t=1784730472,40000,https://www.automobile.tn/fr/occasion/mg/3/126495,81,47000,7 cv,MG 3,Traction,
2026,Automatique,,Prix très élevé,Hybride,Ariana,https://catalogue.automobile.tn/max/2026/08/129602_max.jpeg?t=1787563544,2000,https://www.automobile.tn/fr/occasion/byd/song-plus/129602,81,130000,5 cv,BYD Song Plus,Traction,
2007,Manuelle,,Prix équitable,Essence,La Manouba,https://catalogue.automobile.tn/max/2026/08/128534_max.jpeg?t=1787564898,262000,https://www.automobile.tn/fr/occasion/citroen/c3/128534,81,19000,5 cv,Citroën C3,Traction,
2022,Automatique,,Prix équitable,Essence,Tunis,https://catalogue.automobile.tn/max/2026/08/129605_max.jpeg?t=1787571285,73000,https://www.automobile.tn/fr/occasion/hyundai/tucson/129605,81,105000,10 cv,Hyundai Tucson,Intégrale,
2018,Manuelle,,Aucune évaluation,Essence,Tunis,https://catalogue.automobile.tn/max/2026/08/129329_max.jpeg?t=1787572280,123000,https://www.automobile.tn/fr/occasion/seat/leon-sc/129329,80,48000,6 cv,Seat Leon SC,Traction,
2008,Automatique,,Aucune évaluation,Essence,Ariana,https://catalogue.automobile.tn/max/2026/08/129593_max.jpeg?t=1787577029,304000,https://www.automobile.tn/fr/occasion/audi/a3/129593,80,33000,7 cv,Audi A3,Traction,
2026,Automatique,,Aucune évaluation,Electrique,Tunis,https://catalogue.automobile.tn/max/2026/08/129612_max.jpeg?t=1787581516,1450,https://www.automobile.tn/fr/occasion/byd/sealion-7/129612,80,135000,5 cv,BYD Sealion 7,Intégrale,
2024,Manuelle,,Prix équitable,Essence,Ariana,https://catalogue.automobile.tn/max/2026/07/127922_max.jpeg?t=1787582534,82000,https://www.automobile.tn/fr/occasion/mahindra/xuv-300/127922,80,44500,6 cv,Mahindra XUV 300,Traction,
2018,Manuelle,,Prix équitable,Essence,Bizerte,https://catalogue.automobile.tn/max/2026/08/129614_max.jpeg?t=1787585221,128000,https://www.automobile.tn/fr/occasion/fiat/panda/129614,80,31800,4 cv,Fiat Panda,Traction,
2017,Manuelle,,Bon prix,Essence,Ben Arous,https://catalogue.automobile.tn/max/2026/08/129615_max.jpeg?t=1787587536,169000,https://www.automobile.tn/fr/occasion/ford/fusion/129615,80,40000,9 cv,Ford Fusion,Traction,
2010,Manuelle,,Prix équitable,Diesel,Sfax,https://catalogue.automobile.tn/max/2026/08/129240_max.jpeg?t=1787587118,120000,https://www.automobile.tn/fr/occasion/renault/megane/129240,80,38000,6 cv,Renault Megane,Propulsion,
2021,Automatique,,Bon prix,Diesel,Tunis,https://catalogue.automobile.tn/max/2026/07/128840_max.jpeg?t=1787587177,126000,https://www.automobile.tn/fr/occasion/kia/sportage/128840,80,86000,8 cv,KIA Sportage,Intégrale,
2015,Automatique,,Prix élevé,Essence,Ariana,https://catalogue.automobile.tn/max/2026/08/129529_max.jpeg?t=1787587640,147000,https://www.automobile.tn/fr/occasion/audi/a3-berline/129529,80,59900,6 cv,Audi A3 Berline,Traction,
2015,Manuelle,,Prix équitable,Essence,Tunis,https://catalogue.automobile.tn/max/2026/08/129433_max.jpeg?t=1787587578,125000,https://www.automobile.tn/fr/occasion/volkswagen/golf-7/129433,80,48000,5 cv,Volkswagen Golf 7,Traction,
2017,Automatique,,Prix équitable,Essence,Ariana,https://catalogue.automobile.tn/max/2026/08/129620_max.jpeg?t=1787676140,40000,https://www.automobile.tn/fr/occasion/ford/mustang/129620,79,135000,19 cv,Ford Mustang,Propulsion,
2023,Automatique,,Bon prix,Hybride,Ariana,https://catalogue.automobile.tn/max/2026/08/129621_max.jpeg?t=1787595933,65000,https://www.automobile.tn/fr/occasion/volkswagen/golf-8/129621,79,89000,8 cv,Volkswagen Golf 8,Traction,
2008,Manuelle,,Prix très élevé,Essence,Tunis,https://catalogue.automobile.tn/max/2026/08/129622_max.jpeg?t=1787599524,380000,https://www.automobile.tn/fr/occasion/volkswagen/passat/129622,79,30000,7 cv,Volkswagen Passat,Traction,
2016,Automatique,,Prix équitable,Essence,Nabeul,https://catalogue.automobile.tn/max/2026/08/129500_max.jpeg?t=1787324612,42000,https://www.automobile.tn/fr/occasion/bmw/serie-1-5p/129500,79,84000,7 cv,BMW Série 1,Propulsion,
2022,Manuelle,,Prix équitable,Diesel,Nabeul,https://catalogue.automobile.tn/max/2026/08/129501_max.jpeg?t=1787324609,78000,https://www.automobile.tn/fr/occasion/volkswagen/caddy/129501,79,65000,7 cv,Volkswagen Caddy,Traction,
2024,Automatique,,Aucune évaluation,Essence,Nabeul,https://catalogue.automobile.tn/max/2026/08/129626_max.jpeg?t=1787617532,52000,https://www.automobile.tn/fr/occasion/porsche/macan/129626,79,320000,14 cv,Porsche Macan,Traction,
2020,Automatique,,Prix équitable,Essence,Tunis,https://catalogue.automobile.tn/max/2026/08/129625_max.jpeg?t=1787617756,149000,https://www.automobile.tn/fr/occasion/toyota/corolla-5p/129625,79,62000,6 cv,Toyota Corolla,Traction,
2007,Manuelle,,Aucune évaluation,Diesel,Ariana,https://catalogue.automobile.tn/max/2026/08/129627_max.jpeg?t=1787676124,283000,https://www.automobile.tn/fr/occasion/kia/sportage/129627,79,28500,9 cv,KIA Sportage,Traction,
2013,Automatique,,Aucune évaluation,Essence,Sousse,https://catalogue.automobile.tn/max/2026/07/128645_max.jpeg?t=1785077689,140000,https://www.automobile.tn/fr/occasion/audi/a6/128645,79,67000,10 cv,Audi A6,Intégrale,
2022,Manuelle,,Prix élevé,Essence,Tunis,https://catalogue.automobile.tn/max/2026/08/129507_max.jpeg?t=1787643059,10000,https://www.automobile.tn/fr/occasion/hyundai/i20/129507,79,65000,5 cv,Hyundai i20,Traction,
2013,Automatique,,Bon prix,Essence,Ariana,https://catalogue.automobile.tn/max/2026/07/128617_max.jpeg?t=1785078160,162000,https://www.automobile.tn/fr/occasion/bmw/serie-3/128617,78,55000,7 cv,BMW Série 3,Propulsion,
2017,Automatique,,Prix équitable,Essence,Tunis,https://catalogue.automobile.tn/max/2026/07/128634_max.jpeg?t=1787651735,180000,https://www.automobile.tn/fr/occasion/toyota/c-hr/128634,78,58000,6 cv,Toyota C-HR,Traction,
2025,Automatique,,Aucune évaluation,Hybride,Kairouan,https://catalogue.automobile.tn/max/2026/08/129634_max.jpeg?t=1787657200,18000,https://www.automobile.tn/fr/occasion/mercedes-benz/gle/129634,78,306000,15 cv,Mercedes-Benz GLE,Intégrale,
2014,Automatique,,Aucune évaluation,Essence,Tunis,https://catalogue.automobile.tn/max/2026/08/129635_max.jpeg?t=1787676095,224000,https://www.automobile.tn/fr/occasion/porsche/cayenne/129635,78,93000,23 cv,Porsche Cayenne,Traction,
2021,Manuelle,,Prix équitable,Essence,Sousse,https://catalogue.automobile.tn/max/2026/08/129557_max.jpeg?t=1787540876,90000,https://www.automobile.tn/fr/occasion/hyundai/grand-i10/129557,78,36000,4 cv,Hyundai Grand i10,Traction,
2022,Automatique,,Très bon prix,Essence,Ariana,https://catalogue.automobile.tn/max/2026/08/129079_max.jpeg?t=1787658418,91000,https://www.automobile.tn/fr/occasion/renault/kadjar/129079,78,58000,7 cv,Renault Kadjar,Traction,
2021,Manuelle,,Prix équitable,Essence,Ben Arous,https://catalogue.automobile.tn/max/2026/08/129640_max.jpeg?t=1787660718,91000,https://www.automobile.tn/fr/occasion/seat/ibiza/129640,78,48500,4 cv,Seat Ibiza,Traction,
2015,Manuelle,,Prix élevé,Essence,Sousse,https://catalogue.automobile.tn/max/2026/08/129477_max.jpeg?t=1787660493,82000,https://www.automobile.tn/fr/occasion/bmw/serie-1-5p/129477,78,64000,7 cv,BMW Série 1,Propulsion,
2012,Automatique,,Prix élevé,Diesel,Tunis,https://catalogue.automobile.tn/max/2026/08/129641_max.jpeg?t=1787676047,400000,https://www.automobile.tn/fr/occasion/peugeot/508/129641,78,33000,6 cv,Peugeot 508,Traction,
2017,Manuelle,,Prix équitable,Essence,Nabeul,https://catalogue.automobile.tn/max/2026/08/129643_max.jpeg?t=1787676025,195000,https://www.automobile.tn/fr/occasion/volkswagen/golf-7/129643,78,55000,6 cv,Volkswagen Golf 7,Traction,
2022,Automatique,,Prix équitable,Essence,Tunis,https://catalogue.automobile.tn/max/2026/08/129339_max.jpeg?t=1787677577,85000,https://www.automobile.tn/fr/occasion/great-wall/h6/129339,77,85000,8 cv,GWM Haval H6,Traction,
2017,Automatique,,Prix équitable,Essence,Tunis,https://catalogue.automobile.tn/max/2026/08/129649_max.jpeg?t=1787689684,122000,https://www.automobile.tn/fr/occasion/kia/sportage/129649,77,72000,8 cv,KIA Sportage,Traction,
2023,Automatique,,Bon prix,Hybride,Sousse,https://catalogue.automobile.tn/max/2026/06/127812_max.jpeg?t=1782581254,69000,https://www.automobile.tn/fr/occasion/mercedes-benz/glc/127812,77,239000,15 cv,Mercedes-Benz GLC,Traction,
2022,Automatique,,Aucune évaluation,Hybride,Sousse,https://catalogue.automobile.tn/max/2026/06/127814_max.jpeg?t=1784039145,79000,https://www.automobile.tn/fr/occasion/land-rover/range-rover-velar/127814,77,185000,19 cv,Land Rover Range Rover Velar,Intégrale,
2023,Automatique,,Aucune évaluation,Hybride,Sousse,https://catalogue.automobile.tn/max/2026/07/128022_max.jpeg?t=1783196726,59000,https://www.automobile.tn/fr/occasion/mercedes-benz/gle-coupe/128022,77,315000,12 cv,Mercedes-Benz GLE Coupé,Intégrale,
2007,Automatique,,Aucune évaluation,Essence,Ariana,https://catalogue.automobile.tn/max/2026/08/129652_max.jpeg?t=1787689648,210000,https://www.automobile.tn/fr/occasion/renault/megane/129652,77,19000,7 cv,Renault Megane,Intégrale,
2018,Automatique,,Très bon prix,Essence,Tunis,https://catalogue.automobile.tn/max/2026/08/128868_max.jpeg?t=1786442656,196000,https://www.automobile.tn/fr/occasion/mercedes-benz/classe-e/128868,77,89000,9 cv,Mercedes-Benz Classe E,Propulsion,
2020,Automatique,,Prix élevé,Essence,Ariana,https://catalogue.automobile.tn/max/2026/08/129653_max.jpeg?t=1787695007,207000,https://www.automobile.tn/fr/occasion/audi/q3-sportback/129653,77,115000,9 cv,Audi Q3 Sportback,Traction,
2021,Automatique,,Bon prix,Hybride,Tunis,https://catalogue.automobile.tn/max/2026/08/129027_max.jpeg?t=1786820651,82000,https://www.automobile.tn/fr/occasion/volkswagen/golf-8/129027,77,91000,8 cv,Volkswagen Golf 8,Traction,
2019,Manuelle,,Prix équitable,Essence,Ben Arous,https://catalogue.automobile.tn/max/2026/08/129562_max.jpeg?t=1787540867,126000,https://www.automobile.tn/fr/occasion/mg/zs/129562,76,52000,7 cv,MG ZS,Traction,
2019,Automatique,,Très bon prix,Essence,Tunis,https://catalogue.automobile.tn/max/2026/08/129657_max.jpeg?t=1787765193,175000,https://www.automobile.tn/fr/occasion/mercedes-benz/classe-a/129657,76,78000,7 cv,Mercedes-Benz Classe A,Traction,
2021,Manuelle,,Très bon prix,Diesel,Kasserine,https://catalogue.automobile.tn/max/2026/08/129660_max.jpeg?t=1787741853,148000,https://www.automobile.tn/fr/occasion/fiat/fiorino/129660,76,25000,5 cv,Fiat Fiorino,Traction,
2022,Automatique,,Très bon prix,Hybride,Sfax,https://catalogue.automobile.tn/max/2026/08/129661_max.jpeg?t=1787739938,104000,https://www.automobile.tn/fr/occasion/audi/q3-sportback/129661,76,119000,8 cv,Audi Q3 Sportback,Propulsion,
2024,Manuelle,,Prix équitable,Essence,Ariana,https://catalogue.automobile.tn/max/2026/08/129664_max.jpeg?t=1787743526,22000,https://www.automobile.tn/fr/occasion/kia/stonic/129664,76,71900,5 cv,KIA Stonic,Traction,
2015,Manuelle,,Prix équitable,Essence,Ariana,https://catalogue.automobile.tn/max/2026/07/128747_max.jpeg?t=1785317134,168000,https://www.automobile.tn/fr/occasion/ford/fiesta/128747,76,33500,5 cv,Ford Fiesta,Traction,
2022,Manuelle,,Aucune évaluation,Diesel,Tunis,https://catalogue.automobile.tn/max/2026/08/129666_max.jpeg?t=1787761558,179000,https://www.automobile.tn/fr/occasion/iveco/daily-fourgon/129666,76,82000,10 cv,Iveco Daily Fourgon,Traction,
2024,Automatique,,Prix équitable,Essence,Sfax,https://catalogue.automobile.tn/max/2026/08/129668_max.jpeg?t=1787747768,31000,https://www.automobile.tn/fr/occasion/mg/one/129668,76,88000,10 cv,MG One,Traction,
2021,Manuelle,,Prix très élevé,Essence,Ariana,https://catalogue.automobile.tn/max/2026/08/129670_max.jpeg?t=1787747740,69800,https://www.automobile.tn/fr/occasion/mitsubishi/attrage/129670,76,38200,4 cv,Mitsubishi Attrage,Traction,
2017,Automatique,,Prix équitable,Essence,Sfax,https://catalogue.automobile.tn/max/2026/05/126803_max.jpeg?t=1779643531,134000,https://www.automobile.tn/fr/occasion/ford/kuga/126803,76,63500,11 cv,Ford Kuga,Intégrale,
2021,Manuelle,,Bon prix,Essence,Sfax,https://catalogue.automobile.tn/max/2026/05/126553_max.jpeg?t=1785061451,50000,https://www.automobile.tn/fr/occasion/kia/stonic/126553,75,63000,4 cv,KIA Stonic,Traction,
2014,Automatique,,Bon prix,Essence,Nabeul,https://catalogue.automobile.tn/max/2026/07/128685_max.jpeg?t=1785312841,150000,https://www.automobile.tn/fr/occasion/bmw/serie-3/128685,75,57000,7 cv,BMW Série 3,Traction,
2022,Automatique,,Prix équitable,Hybride,Nabeul,https://catalogue.automobile.tn/max/2026/08/129675_max.jpeg?t=1787755862,160000,https://www.automobile.tn/fr/occasion/volkswagen/golf-8/129675,75,73000,8 cv,Volkswagen Golf 8,Traction,
2019,Manuelle,,Très bon prix,Essence,Tunis,https://catalogue.automobile.tn/max/2026/08/129220_max.jpeg?t=1787753559,49000,https://www.automobile.tn/fr/occasion/ford/ecosport/129220,75,52000,7 cv,Ford Ecosport,Traction,
2023,Manuelle,,Prix très élevé,Diesel,Sfax,https://catalogue.automobile.tn/max/2026/08/129680_max.jpeg?t=1787773781,60000,https://www.automobile.tn/fr/occasion/peugeot/landtrek-double-cabine/129680,75,90000,6 cv,Peugeot Landtrek Double Cabine,Propulsion,
2010,Manuelle,,Prix équitable,Essence,Tunis,https://catalogue.automobile.tn/max/2026/08/129654_max.jpeg?t=1787763644,99600,https://www.automobile.tn/fr/occasion/ford/fiesta/129654,75,31000,5 cv,Ford Fiesta,Traction,
2023,Automatique,,Très bon prix,Essence,Médenine,https://catalogue.automobile.tn/max/2026/08/129415_max.jpeg?t=1787005527,28200,https://www.automobile.tn/fr/occasion/mg/gt/129415,75,65000,9 cv,MG GT,Traction,
2016,Automatique,,Prix équitable,Essence,Sousse,https://catalogue.automobile.tn/max/2026/08/129323_max.jpeg?t=1787769491,218000,https://www.automobile.tn/fr/occasion/bmw/serie-3/129323,75,59000,7 cv,BMW Série 3,Traction,
2023,Automatique,,Prix équitable,Essence,Médenine,https://catalogue.automobile.tn/max/2026/08/129351_max.jpeg?t=1787769954,64900,https://www.automobile.tn/fr/occasion/hyundai/tucson/129351,75,105000,10 cv,Hyundai Tucson,Intégrale,
2022,Automatique,,Prix élevé,Hybride,La Manouba,https://catalogue.automobile.tn/max/2026/08/129688_max.jpeg?t=1787785865,130000,https://www.automobile.tn/fr/occasion/volkswagen/tiguan/129688,74,130000,8 cv,Volkswagen Tiguan,Traction,
2011,Automatique,,Bon prix,Essence,Nabeul,https://catalogue.automobile.tn/max/2026/08/129616_max.jpeg?t=1787802446,145000,https://www.automobile.tn/fr/occasion/kia/sportage/129616,74,46200,11 cv,KIA Sportage,Intégrale,
2021,Automatique,,Prix équitable,Essence,Tunis,https://catalogue.automobile.tn/max/2026/08/129692_max.jpeg?t=1787822299,60000,https://www.automobile.tn/fr/occasion/geely/gx3/129692,74,49000,6 cv,Geely GX3,Traction,
2017,Manuelle,,Prix élevé,Essence,Sfax,https://catalogue.automobile.tn/max/2026/05/126961_max.jpeg?t=1780248336,190000,https://www.automobile.tn/fr/occasion/ford/focus-berline/126961,74,40000,6 cv,Ford Focus sedan,Traction,
2026,Automatique,,Aucune évaluation,Electrique,Tunis,https://catalogue.automobile.tn/max/2026/08/129632_max.jpeg?t=1787653530,1600,https://www.automobile.tn/fr/occasion/bmw/ix1/129632,74,168000,7 cv,BMW iX1,Traction,
2022,Automatique,,Aucune évaluation,Electrique,Tunis,https://catalogue.automobile.tn/max/2026/08/129633_max.jpeg?t=1787664409,69000,https://www.automobile.tn/fr/occasion/bmw/i4/129633,74,150000,7 cv,BMW i4,Traction,
2024,Automatique,,Prix très élevé,Hybride,Tunis,https://catalogue.automobile.tn/max/2026/08/129636_max.jpeg?t=1787657139,22000,https://www.automobile.tn/fr/occasion/mercedes-benz/classe-a/129636,74,165000,8 cv,Mercedes-Benz Classe A,Traction,
2019,Manuelle,,Prix élevé,Diesel,Tunis,https://catalogue.automobile.tn/max/2026/07/128565_max.jpeg?t=1784827593,154000,https://www.automobile.tn/fr/occasion/ssangyong/actyon-sports/128565,74,55000,7 cv,Ssangyong Actyon Sports,Propulsion,
2018,Automatique,,Aucune évaluation,Hybride,Tunis,https://catalogue.automobile.tn/max/2026/07/128573_max.jpeg?t=1785585770,56000,https://www.automobile.tn/fr/occasion/mercedes-benz/classe-e-coupe/128573,74,123000,10 cv,Mercedes-Benz Classe E coupé,Propulsion,
2014,Automatique,,Aucune évaluation,Essence,Tunis,https://catalogue.automobile.tn/max/2026/08/129115_max.jpeg?t=1786213628,91000,https://www.automobile.tn/fr/occasion/mercedes-benz/classe-c/129115,74,95000,8 cv,Mercedes-Benz Classe C,Traction,
2022,Automatique,,Aucune évaluation,Diesel,Tunis,https://catalogue.automobile.tn/max/2026/06/127102_max.jpeg?t=1780658756,90000,https://www.automobile.tn/fr/occasion/mercedes-benz/gle-coupe/127102,73,265000,11 cv,Mercedes-Benz GLE Coupé,Intégrale,
2017,Automatique,,Bon prix,Essence,Tunis,https://catalogue.automobile.tn/max/2026/05/126373_max.jpeg?t=1778505923,171000,https://www.automobile.tn/fr/occasion/mercedes-benz/classe-e/126373,73,105000,9 cv,Mercedes-Benz Classe E,Propulsion,
2020,Automatique,,Très bon prix,Electrique,Tunis,https://catalogue.automobile.tn/max/2026/02/123898_max.jpeg?t=1786094295,73000,https://www.automobile.tn/fr/occasion/audi/e-tron/123898,73,95000,12 cv,Audi E-tron,Traction,
2005,Automatique,,Aucune évaluation,Diesel,Tunis,https://catalogue.automobile.tn/max/2026/06/127635_max.jpeg?t=1782131137,290000,https://www.automobile.tn/fr/occasion/toyota/prado/127635,73,115000,12 cv,Toyota Prado,Propulsion,
2020,Automatique,,Très bon prix,Essence,Tunis,https://catalogue.automobile.tn/max/2026/08/128985_max.jpeg?t=1785853556,115000,https://www.automobile.tn/fr/occasion/bmw/serie-5/128985,73,125000,10 cv,BMW Série 5,Propulsion,
2019,Automatique,,Prix très élevé,Essence,Tunis,https://catalogue.automobile.tn/max/2026/03/124380_max.jpeg?t=1785583138,41000,https://www.automobile.tn/fr/occasion/porsche/macan/124380,73,260000,29 cv,Porsche Macan,Intégrale,
2015,Automatique,,Aucune évaluation,Essence,Tunis,https://catalogue.automobile.tn/max/2025/11/120116_max.jpeg?t=1783506040,80000,https://www.automobile.tn/fr/occasion/land-rover/range-rover-sport/120116,73,185000,43 cv,Land Rover Range Rover Sport,Intégrale,
2018,Automatique,,Aucune évaluation,Essence,Sousse,https://catalogue.automobile.tn/max/2025/12/121715_max.jpeg?t=1782545810,16500,https://www.automobile.tn/fr/occasion/porsche/macan/121715,73,205000,23 cv,Porsche Macan,Intégrale,
2025,Automatique,,Prix élevé,Essence,Tunis,https://catalogue.automobile.tn/max/2026/06/127197_max.jpeg?t=1787478091,4000,https://www.automobile.tn/fr/occasion/great-wall/jolion/127197,73,90000,9 cv,GWM Haval Jolion,Traction,
2022,Automatique,,Prix équitable,Hybride,Tunis,https://catalogue.automobile.tn/max/2026/08/129580_max.jpeg?t=1787480729,93000,https://www.automobile.tn/fr/occasion/bmw/x3/129580,73,160000,10 cv,BMW X3,Intégrale,
2022,Automatique,,Prix équitable,Electrique,Tunis,https://catalogue.automobile.tn/max/2025/12/121675_max.jpeg?t=1773487860,46000,https://www.automobile.tn/fr/occasion/mercedes-benz/eqa/121675,72,141000,6 cv,Mercedes-Benz EQA,Traction,
2016,Automatique,,Prix élevé,Diesel,Tunis,https://catalogue.automobile.tn/max/2025/05/114736_max.jpeg?t=1773485845,226000,https://www.automobile.tn/fr/occasion/bmw/x5/114736,72,114000,13 cv,BMW X5,Traction,
2011,Automatique,,Aucune évaluation,Essence,Tunis,https://catalogue.automobile.tn/max/2026/07/128569_max.jpeg?t=1784816760,175000,https://www.automobile.tn/fr/occasion/toyota/land-cruiser/128569,72,245000,22 cv,Toyota Land Cruiser,Intégrale,
2022,Automatique,,Bon prix,Essence,Tunis,https://catalogue.automobile.tn/max/2026/07/128568_max.jpeg?t=1784816795,58000,https://www.automobile.tn/fr/occasion/jeep/wrangler-2021/128568,72,210000,19 cv,Jeep Wrangler,Traction,
2022,Automatique,,Très bon prix,Electrique,Tunis,https://catalogue.automobile.tn/max/2025/11/120258_max.jpeg?t=1786107825,53000,https://www.automobile.tn/fr/occasion/mercedes-benz/eqs-berline/120258,72,260000,8 cv,Mercedes-Benz EQS Berline,Propulsion,
2020,Automatique,,Bon prix,Essence,Tunis,https://catalogue.automobile.tn/max/2026/08/129528_max.jpeg?t=1787318755,175000,https://www.automobile.tn/fr/occasion/great-wall/h6/129528,72,58000,9 cv,GWM Haval H6,Traction,
2023,Automatique,,Aucune évaluation,Essence,Tunis,https://catalogue.automobile.tn/max/2026/07/128566_max.jpeg?t=1787081120,58000,https://www.automobile.tn/fr/occasion/volvo/xc90/128566,72,235000,19 cv,Volvo XC90,Traction,
2020,Automatique,,Très bon prix,Diesel,Tunis,https://catalogue.automobile.tn/max/2026/07/127934_max.jpeg?t=1782923144,94000,https://www.automobile.tn/fr/occasion/bmw/x3/127934,72,145000,8 cv,BMW X3,Propulsion,
2021,Automatique,,Très bon prix,Diesel,Tunis,https://catalogue.automobile.tn/max/2026/01/122780_max.jpeg?t=1779096397,61000,https://www.automobile.tn/fr/occasion/land-rover/discovery-sport/122780,72,178000,9 cv,Land Rover Discovery Sport,Intégrale,
2022,Automatique,,Bon prix,Essence,Tunis,https://catalogue.automobile.tn/max/2025/10/118743_max.jpeg?t=1774713899,88000,https://www.automobile.tn/fr/occasion/suzuki/jimny/118743,72,75000,6 cv,Suzuki Jimny 3 portes,Intégrale,
2012,Automatique,,Prix très élevé,Essence,Ariana,https://catalogue.automobile.tn/max/2026/08/129700_max.jpeg?t=1787900128,250000,https://www.automobile.tn/fr/occasion/bmw/serie-5/129700,71,72000,15 cv,BMW Série 5,Propulsion,
2018,Automatique,,Prix élevé,Diesel,Jendouba,https://catalogue.automobile.tn/max/2026/08/129702_max.jpeg?t=1787911408,170000,https://www.automobile.tn/fr/occasion/kia/sportage/129702,71,86000,8 cv,KIA Sportage,Traction,
2023,Automatique,,Très bon prix,Essence,Ariana,https://catalogue.automobile.tn/max/2026/08/129379_max.jpeg?t=1786991427,112000,https://www.automobile.tn/fr/occasion/bmw/serie-1-5p/129379,71,86500,6 cv,BMW Série 1,Traction,
2013,Automatique,,Bon prix,Essence,Ariana,https://catalogue.automobile.tn/max/2026/08/129159_max.jpeg?t=1786354639,149000,https://www.automobile.tn/fr/occasion/mercedes-benz/cla/129159,71,62500,8 cv,Mercedes-Benz CLA,Traction,
2022,Automatique,,Prix équitable,Hybride,Ariana,https://catalogue.automobile.tn/max/2026/08/129703_max.jpeg?t=1787837648,50000,https://www.automobile.tn/fr/occasion/kia/sportage/129703,71,145000,10 cv,KIA Sportage,Intégrale,
2019,Automatique,,Prix équitable,Diesel,Monastir,https://catalogue.automobile.tn/max/2026/08/129704_max.jpeg?t=1787900122,98000,https://www.automobile.tn/fr/occasion/land-rover/range-rover-evoque/129704,71,170000,15 cv,Land Rover Range Rover Evoque,Intégrale,
2020,Automatique,,Très bon prix,Diesel,Sousse,https://catalogue.automobile.tn/max/2026/08/129073_max.jpeg?t=1786051544,123000,https://www.automobile.tn/fr/occasion/mercedes-benz/classe-a/129073,71,85000,6 cv,Mercedes-Benz Classe A,Traction,
2020,Automatique,,Prix équitable,Essence,Tunis,https://catalogue.automobile.tn/max/2026/08/129549_max.jpeg?t=1787843965,130000,https://www.automobile.tn/fr/occasion/mg/zs/129549,71,58000,7 cv,MG ZS,Traction,
2019,Automatique,,Très bon prix,Essence,Tunis,https://catalogue.automobile.tn/max/2026/08/129706_max.jpeg?t=1787911381,114000,https://www.automobile.tn/fr/occasion/ford/ecosport/129706,71,45000,7 cv,Ford Ecosport,Traction,
2021,Manuelle,,Prix équitable,Essence,Ariana,https://catalogue.automobile.tn/max/2026/08/129609_max.jpeg?t=1787850877,58000,https://www.automobile.tn/fr/occasion/mahindra/kuv-100/129609,71,32000,5 cv,Mahindra KUV 100,Traction,
2021,Manuelle,,Prix équitable,Essence,Tunis,https://catalogue.automobile.tn/max/2026/08/129715_max.jpeg?t=1787911281,59500,https://www.automobile.tn/fr/occasion/kia/picanto/129715,70,38800,4 cv,KIA Picanto,Traction,
2020,Manuelle,,Prix équitable,Essence,Tunis,https://catalogue.automobile.tn/max/2026/08/129717_max.jpeg?t=1787911276,57000,https://www.automobile.tn/fr/occasion/seat/leon/129717,70,63000,6 cv,Seat Leon,Traction,
2024,Automatique,,Très bon prix,Essence,Mahdia,https://catalogue.automobile.tn/max/2026/07/128540_max.jpeg?t=1784798606,29000,https://www.automobile.tn/fr/occasion/skoda/kamiq/128540,70,80000,6 cv,Skoda Kamiq,Traction,
2014,Manuelle,,Prix équitable,Essence,Ariana,https://catalogue.automobile.tn/max/2026/08/128919_max.jpeg?t=1787894465,201000,https://www.automobile.tn/fr/occasion/kia/cerato/128919,70,38300,7 cv,KIA Cerato,Traction,
2022,Automatique,,Bon prix,Hybride,Ariana,https://catalogue.automobile.tn/max/2026/08/129720_max.jpeg?t=1787901933,44000,https://www.automobile.tn/fr/occasion/mercedes-benz/gla/129720,70,140000,8 cv,Mercedes-Benz GLA,Traction,
2020,Manuelle,,Prix équitable,Essence,Ben Arous,https://catalogue.automobile.tn/max/2026/08/129721_max.jpeg?t=1787911509,35000,https://www.automobile.tn/fr/occasion/chery/tiggo-2/129721,70,44000,6 cv,Chery Tiggo 2,Traction,
2021,Manuelle,,Prix équitable,Essence,Tunis,https://catalogue.automobile.tn/max/2026/08/129604_max.jpeg?t=1787906526,77000,https://www.automobile.tn/fr/occasion/renault/clio/129604,70,41000,5 cv,Renault Clio,Traction,
2010,Manuelle,,Très bon prix,Diesel,Tunis,https://catalogue.automobile.tn/max/2025/11/120922_max.jpeg?t=1785359163,200000,https://www.automobile.tn/fr/occasion/kia/sorento/120922,70,44000,12 cv,KIA Sorento,Intégrale,
2022,Automatique,,Prix équitable,Hybride,Tunis,https://catalogue.automobile.tn/max/2026/07/128172_max.jpeg?t=1783949079,63000,https://www.automobile.tn/fr/occasion/mercedes-benz/gle-coupe/128172,70,260000,12 cv,Mercedes-Benz GLE Coupé,Intégrale,
2023,Manuelle,,Prix équitable,Essence,Monastir,https://catalogue.automobile.tn/max/2026/08/129432_max.jpeg?t=1787912353,110000,https://www.automobile.tn/fr/occasion/toyota/agya/129432,70,33000,4 cv,Toyota Agya,Traction,
2024,Automatique,,Bon prix,Diesel,Ariana,https://catalogue.automobile.tn/max/2026/08/129725_max.jpeg?t=1787941087,44000,https://www.automobile.tn/fr/occasion/isuzu/d-max-dc/129725,69,165000,9 cv,Isuzu D-Max Double Cabine,Intégrale,
2022,Automatique,,Très bon prix,Hybride,Nabeul,https://catalogue.automobile.tn/max/2026/08/129726_max.jpeg?t=1787916382,120000,https://www.automobile.tn/fr/occasion/mercedes-benz/cla/129726,69,108000,8 cv,Mercedes-Benz CLA,Traction,
2007,Manuelle,,Aucune évaluation,Diesel,Nabeul,https://catalogue.automobile.tn/max/2026/08/129728_max.jpeg?t=1787941078,350000,https://www.automobile.tn/fr/occasion/mitsubishi/l300/129728,69,11000,9 cv,Mitsubishi L300,Propulsion,
2026,Automatique,,Prix équitable,Hybride,Tunis,https://catalogue.automobile.tn/max/2026/08/128958_max.jpeg?t=1787914355,8000,https://www.automobile.tn/fr/occasion/kia/sportage/128958,69,150000,8 cv,KIA Sportage,Intégrale,
2021,Manuelle,,Bon prix,Essence,Ariana,https://catalogue.automobile.tn/max/2026/06/127546_max.jpeg?t=1787916542,71000,https://www.automobile.tn/fr/occasion/geely/gx3/127546,69,42000,6 cv,Geely GX3,Traction,
2011,Manuelle,,Aucune évaluation,Essence,Tunis,https://catalogue.automobile.tn/max/2026/08/129729_max.jpeg?t=1787924837,123000,https://www.automobile.tn/fr/occasion/alfa-romeo/giulietta/129729,69,32000,7 cv,Alfa Romeo Giulietta,Traction,
2019,Automatique,,Prix élevé,Essence,Tunis,https://catalogue.automobile.tn/max/2026/08/129730_max.jpeg?t=1787941067,158000,https://www.automobile.tn/fr/occasion/audi/a4/129730,69,75000,8 cv,Audi A4,Traction,
2014,Automatique,,Aucune évaluation,Essence,Tunis,https://catalogue.automobile.tn/max/2026/06/127294_max.jpeg?t=1784638659,70000,https://www.automobile.tn/fr/occasion/porsche/boxster/127294,69,190000,21 cv,Porsche Boxster,Propulsion,
2015,Manuelle,,Aucune évaluation,Essence,Ariana,https://catalogue.automobile.tn/max/2026/08/129731_max.jpeg?t=1787923525,162000,https://www.automobile.tn/fr/occasion/bmw/serie-3/129731,69,56000,7 cv,BMW Série 3,Traction,
2026,Automatique,,Prix équitable,Hybride,Tunis,https://catalogue.automobile.tn/max/2026/08/129732_max.jpeg?t=1788172418,1900,https://www.automobile.tn/fr/occasion/mercedes-benz/classe-a/129732,69,165900,9 cv,Mercedes-Benz Classe A,Traction,
2015,Manuelle,,Prix équitable,Diesel,Ariana,https://catalogue.automobile.tn/max/2026/08/129744_max.jpeg?t=1788018600,500000,https://www.automobile.tn/fr/occasion/isuzu/d-max-dc/129744,68,59000,9 cv,Isuzu D-Max Double Cabine,Traction,
2019,Automatique,,Prix équitable,Essence,Sousse,https://catalogue.automobile.tn/max/2026/08/129746_max.jpeg?t=1787948728,120000,https://www.automobile.tn/fr/occasion/nissan/qashqai/129746,68,66500,6 cv,Nissan Qashqai,Traction,
2018,Manuelle,,Aucune évaluation,Diesel,Tunis,https://catalogue.automobile.tn/max/2026/01/122687_max.jpeg?t=1787948787,10850,https://www.automobile.tn/fr/occasion/toyota/rav-4/122687,68,110000,7 cv,Toyota RAV 4,Intégrale,
2006,Automatique,,Aucune évaluation,Diesel,Tunis,https://catalogue.automobile.tn/max/2026/08/129327_max.jpeg?t=1787953195,433000,https://www.automobile.tn/fr/occasion/bmw/serie-5/129327,68,37000,10 cv,BMW Série 5,Propulsion,
2011,Manuelle,,Très bon prix,Diesel,Tunis,https://catalogue.automobile.tn/max/2026/08/129747_max.jpeg?t=1788018500,60000,https://www.automobile.tn/fr/occasion/peugeot/partner/129747,68,25000,6 cv,Peugeot Partner,Traction,
2023,Automatique,,Bon prix,Hybride,Sousse,https://catalogue.automobile.tn/max/2026/08/129498_max.jpeg?t=1787324620,90000,https://www.automobile.tn/fr/occasion/mercedes-benz/classe-c/129498,68,155000,11 cv,Mercedes-Benz Classe C,Propulsion,
2024,Automatique,,Aucune évaluation,Electrique,Sousse,https://catalogue.automobile.tn/max/2026/08/129628_max.jpeg?t=1788163756,40000,https://www.automobile.tn/fr/occasion/renault/megane/129628,68,77000,4 cv,Renault Megane,Traction,
2017,Manuelle,,Aucune évaluation,Diesel,Sousse,https://catalogue.automobile.tn/max/2026/08/129748_max.jpeg?t=1787984731,143000,https://www.automobile.tn/fr/occasion/jaguar/f-pace/129748,68,90000,10 cv,Jaguar F-Pace,Propulsion,
2018,Automatique,,Aucune évaluation,Essence,Ariana,https://catalogue.automobile.tn/max/2026/08/128661_max.jpeg?t=1787987545,146000,https://www.automobile.tn/fr/occasion/peugeot/2008/128661,68,60000,6 cv,Peugeot 2008,Traction,
2018,Automatique,,Très bon prix,Essence,Sfax,https://catalogue.automobile.tn/max/2026/08/129749_max.jpeg?t=1787995530,92000,https://www.automobile.tn/fr/occasion/mercedes-benz/gla/129749,68,92000,9 cv,Mercedes-Benz GLA,Traction,
2022,Automatique,,Prix élevé,Essence,Ariana,https://catalogue.automobile.tn/max/2026/08/129756_max.jpeg?t=1788018420,26000,https://www.automobile.tn/fr/occasion/kia/picanto/129756,67,57000,4 cv,KIA Picanto,Traction,
2006,Automatique,,Aucune évaluation,Essence,Ben Arous,https://catalogue.automobile.tn/max/2026/03/124214_max.jpeg?t=1781911944,192000,https://www.automobile.tn/fr/occasion/honda/accord-coupe/124214,67,34500,12 cv,Honda Accord Coupé,Traction,
2018,Manuelle,,Prix équitable,Essence,Tunis,https://catalogue.automobile.tn/max/2026/08/129759_max.jpeg?t=1788018488,212568,https://www.automobile.tn/fr/occasion/chevrolet/cruze/129759,67,32900,7 cv,Chevrolet Cruze,Traction,
2017,Automatique,,Très bon prix,Diesel,Tunis,https://catalogue.automobile.tn/max/2026/08/129372_max.jpeg?t=1787912231,136000,https://www.automobile.tn/fr/occasion/volkswagen/golf-7/129372,67,65000,6 cv,Volkswagen Golf 7,Traction,
2019,Automatique,,Prix équitable,Essence,Ben Arous,https://catalogue.automobile.tn/max/2026/07/128383_max.jpeg?t=1788005301,110000,https://www.automobile.tn/fr/occasion/bmw/serie-4-coupe/128383,67,115000,11 cv,BMW Série 4 Coupé,Propulsion,
2021,Manuelle,,Prix équitable,Essence,Ariana,https://catalogue.automobile.tn/max/2026/08/129270_max.jpeg?t=1788005793,90000,https://www.automobile.tn/fr/occasion/toyota/corolla-5p/129270,67,64000,6 cv,Toyota Corolla,Traction,
2023,Manuelle,,Prix équitable,Essence,Ben Arous,https://catalogue.automobile.tn/max/2026/08/129761_max.jpeg?t=1788020750,35000,https://www.automobile.tn/fr/occasion/hyundai/grand-i10/129761,67,43000,4 cv,Hyundai Grand i10,Traction,
2025,Manuelle,,Bon prix,Essence,Tunis,https://catalogue.automobile.tn/max/2026/08/129762_max.jpeg?t=1788018748,50000,https://www.automobile.tn/fr/occasion/hyundai/i20/129762,67,58000,4 cv,Hyundai i20,Traction,
2016,Automatique,,Aucune évaluation,Essence,Ariana,https://catalogue.automobile.tn/max/2026/08/129021_max.jpeg?t=1785997095,131000,https://www.automobile.tn/fr/occasion/ford/ecosport/129021,67,55000,6 cv,Ford Ecosport,Traction,
2023,Automatique,,Très bon prix,Hybride,Bizerte,https://catalogue.automobile.tn/max/2026/08/129290_max.jpeg?t=1788074431,38000,https://www.automobile.tn/fr/occasion/bmw/x3/129290,67,160000,10 cv,BMW X3,Intégrale,
2015,Automatique,,Prix équitable,Essence,Ben Arous,https://catalogue.automobile.tn/max/2026/08/129624_max.jpeg?t=1788109241,179000,https://www.automobile.tn/fr/occasion/mazda/6/129624,66,42000,9 cv,Mazda 6,Traction,
2024,Automatique,,Prix élevé,Essence,Nabeul,https://catalogue.automobile.tn/max/2026/08/129769_max.jpeg?t=1788114958,51000,https://www.automobile.tn/fr/occasion/seat/ibiza/129769,66,60000,6 cv,Seat Ibiza,Traction,
2010,Manuelle,,Aucune évaluation,Essence,Ariana,https://catalogue.automobile.tn/max/2026/08/129770_max.jpeg?t=1788024312,146000,https://www.automobile.tn/fr/occasion/volkswagen/polo-populaire/129770,66,31500,4 cv,Volkswagen Polo Populaire,Traction,
2023,Automatique,,Aucune évaluation,Hybride,Ariana,https://catalogue.automobile.tn/max/2026/08/129772_max.jpeg?t=1788031552,78000,https://www.automobile.tn/fr/occasion/mg/3-hybride/129772,66,97000,7 cv,MG 3 Hybrid+,Intégrale,
2012,Automatique,,Prix équitable,Diesel,Sfax,https://catalogue.automobile.tn/max/2026/08/129773_max.jpeg?t=1788031532,350000,https://www.automobile.tn/fr/occasion/peugeot/508/129773,66,33000,6 cv,Peugeot 508,Traction,
2024,Automatique,,Prix élevé,Essence,Monastir,https://catalogue.automobile.tn/max/2026/08/129651_max.jpeg?t=1787689666,86000,https://www.automobile.tn/fr/occasion/kia/picanto/129651,66,51000,4 cv,KIA Picanto,Traction,
2019,Automatique,,Très bon prix,Diesel,Béja,https://catalogue.automobile.tn/max/2026/08/129775_max.jpeg?t=1788073312,86000,https://www.automobile.tn/fr/occasion/mercedes-benz/classe-c/129775,66,110000,6 cv,Mercedes-Benz Classe C,Propulsion,
1994,Manuelle,,Aucune évaluation,Essence,Ariana,https://catalogue.automobile.tn/max/2024/11/105914_max.jpeg?t=1785668626,76000,https://www.automobile.tn/fr/occasion/opel/calibra/105914,66,48000,8 cv,Opel Calibra,Intégrale,
1996,Manuelle,,Aucune évaluation,Diesel,Ariana,https://catalogue.automobile.tn/max/2025/08/117181_max.jpeg?t=1785668585,300000,https://www.automobile.tn/fr/occasion/toyota/land-cruiser/117181,66,53000,17 cv,Toyota Land Cruiser,Intégrale,
2022,Manuelle,,Très bon prix,Diesel,Ben Arous,https://catalogue.automobile.tn/max/2026/08/129776_max.jpeg?t=1788114850,81400,https://www.automobile.tn/fr/occasion/citroen/berlingo-multispace/129776,66,46500,5 cv,Citroën Berlingo,Traction,
1997,Manuelle,,Aucune évaluation,Diesel,Bizerte,https://catalogue.automobile.tn/max/2026/03/124486_max.jpeg?t=1773747727,214000,https://www.automobile.tn/fr/occasion/land-rover/defender/124486,65,65000,10 cv,Land Rover Defender 110,Intégrale,
2020,Manuelle,,Prix équitable,Essence,Ariana,https://catalogue.automobile.tn/max/2026/07/128118_max.jpeg?t=1783516113,90000,https://www.automobile.tn/fr/occasion/renault/megane-sedan/128118,65,49000,7 cv,Renault Megane Sedan,Traction,
2020,Automatique,,Bon prix,Essence,Nabeul,https://catalogue.automobile.tn/max/2026/08/129783_max.jpeg?t=1788109372,115000,https://www.automobile.tn/fr/occasion/audi/q3/129783,65,88000,9 cv,Audi Q3,Traction,
2014,Automatique,,Prix très élevé,Essence,Tunis,https://catalogue.automobile.tn/max/2026/08/129434_max.jpeg?t=1788096646,348000,https://www.automobile.tn/fr/occasion/mercedes-benz/classe-c/129434,65,72000,8 cv,Mercedes-Benz Classe C,Propulsion,
2020,Automatique,,Bon prix,Essence,Tunis,https://catalogue.automobile.tn/max/2026/08/129572_max.jpeg?t=1788103540,120000,https://www.automobile.tn/fr/occasion/bmw/serie-4-gran-coupe/129572,65,83500,7 cv,BMW Série 4 Gran Coupé,Propulsion,
2015,Automatique,,Aucune évaluation,Diesel,Sousse,https://catalogue.automobile.tn/max/2026/08/129786_max.jpeg?t=1788107149,300000,https://www.automobile.tn/fr/occasion/kia/sportage/129786,65,58000,10 cv,KIA Sportage,Traction,
2013,Automatique,,Aucune évaluation,Diesel,Ariana,https://catalogue.automobile.tn/max/2026/07/128327_max.jpeg?t=1788107166,270000,https://www.automobile.tn/fr/occasion/volvo/s80/128327,65,28000,9 cv,Volvo S80,Traction,
2014,Automatique,,Prix équitable,Essence,Ariana,https://catalogue.automobile.tn/max/2026/08/129790_max.jpeg?t=1788110743,230000,https://www.automobile.tn/fr/occasion/volkswagen/tiguan/129790,65,58000,9 cv,Volkswagen Tiguan,Traction,
2022,Automatique,,Bon prix,Hybride,Mahdia,https://catalogue.automobile.tn/max/2026/08/128860_max.jpeg?t=1785594322,99000,https://www.automobile.tn/fr/occasion/mg/ehs/128860,65,78000,8 cv,MG e-HS,Traction,
2010,Automatique,,Très bon prix,Diesel,Tunis,https://catalogue.automobile.tn/max/2026/07/122277_max.jpeg?t=1788163733,190000,https://www.automobile.tn/fr/occasion/mercedes-benz/ml/122277,65,56000,15 cv,Mercedes-Benz ML,Intégrale,
2014,Manuelle,,Bon prix,Essence,Gabès,https://catalogue.automobile.tn/max/2025/04/110751_max.jpeg?t=1777304383,196000,https://www.automobile.tn/fr/occasion/mazda/3/110751,64,39000,6 cv,Mazda 3,Traction,
2014,Automatique,,Aucune évaluation,Essence,Tunis,https://catalogue.automobile.tn/max/2026/08/129797_max.jpeg?t=1788168342,90000,https://www.automobile.tn/fr/occasion/mini/countryman/129797,64,45000,7 cv,Mini Countryman,Traction,
2020,Automatique,,Prix équitable,Essence,Ariana,https://catalogue.automobile.tn/max/2026/08/129435_max.jpeg?t=1788165564,137000,https://www.automobile.tn/fr/occasion/kia/sportage/129435,64,79000,8 cv,KIA Sportage,Traction,
2021,Manuelle,,Aucune évaluation,Essence,Sousse,https://catalogue.automobile.tn/max/2026/08/129798_max.jpeg?t=1788170361,238000,https://www.automobile.tn/fr/occasion/volkswagen/polo-populaire/129798,64,38000,4 cv,Volkswagen Polo Populaire,Traction,
2022,Manuelle,,Prix équitable,Essence,Tunis,https://catalogue.automobile.tn/max/2026/08/129774_max.jpeg?t=1788170430,80000,https://www.automobile.tn/fr/occasion/suzuki/swift/129774,64,42000,5 cv,Suzuki Swift,Traction,
2024,Manuelle,,Prix très élevé,Essence,Tunis,https://catalogue.automobile.tn/max/2026/08/129800_max.jpeg?t=1788208012,19000,https://www.automobile.tn/fr/occasion/suzuki/jimny-5p/129800,64,115000,5 cv,Suzuki Jimny 5 portes,Intégrale,
2025,Automatique,,Aucune évaluation,Hybride,Sfax,https://catalogue.automobile.tn/max/2025/07/116063_max.jpeg?t=1786964571,7032,https://www.automobile.tn/fr/occasion/nissan/qashqai/116063,64,130000,8 cv,Nissan Qashqai,Intégrale,
2021,Automatique,,Aucune évaluation,Hybride,Sfax,https://catalogue.automobile.tn/max/2025/10/118779_max.jpeg?t=1786964531,57974,https://www.automobile.tn/fr/occasion/audi/q5/118779,64,165000,16 cv,Audi Q5,Intégrale,
2015,Automatique,,Aucune évaluation,Diesel,Sfax,https://catalogue.automobile.tn/max/2026/01/122059_max.jpeg?t=1767806348,88280,https://www.automobile.tn/fr/occasion/mercedes-benz/classe-e-coupe/122059,64,125000,11 cv,Mercedes-Benz Classe E coupé,Traction,
2020,Automatique,,Aucune évaluation,Hybride,Sfax,https://catalogue.automobile.tn/max/2026/02/123038_max.jpeg?t=1777898732,105573,https://www.automobile.tn/fr/occasion/kia/niro/123038,64,75000,5 cv,KIA Niro Hybride,Traction,
2021,Automatique,,Bon prix,Essence,Sfax,https://catalogue.automobile.tn/max/2026/05/126165_max.jpeg?t=1778012787,95654,https://www.automobile.tn/fr/occasion/chery/tiggo-8-pro/126165,63,80000,11 cv,Chery Tiggo 8 Pro,Traction,
2024,Automatique,,Aucune évaluation,Hybride,Sfax,https://catalogue.automobile.tn/max/2026/05/126167_max.jpeg?t=1786964770,47150,https://www.automobile.tn/fr/occasion/mercedes-benz/gle-coupe/126167,63,430000,34 cv,Mercedes-Benz GLE Coupé,Intégrale,
2024,Automatique,,Bon prix,Hybride,Sfax,https://catalogue.automobile.tn/max/2026/05/126168_max.jpeg?t=1777998358,34619,https://www.automobile.tn/fr/occasion/mercedes-benz/classe-a/126168,63,145000,9 cv,Mercedes-Benz Classe A,Intégrale,
2020,Automatique,,Prix équitable,Essence,Sfax,https://catalogue.automobile.tn/max/2026/05/126170_max.jpeg?t=1778002022,65158,https://www.automobile.tn/fr/occasion/audi/q2/126170,63,85000,6 cv,Audi Q2,Traction,
2022,Automatique,,Prix très élevé,Hybride,Sfax,https://catalogue.automobile.tn/max/2026/06/127201_max.jpeg?t=1780935958,90693,https://www.automobile.tn/fr/occasion/mercedes-benz/gle/127201,63,270000,12 cv,Mercedes-Benz GLE,Intégrale,
2023,Automatique,,Aucune évaluation,Hybride,Sfax,https://catalogue.automobile.tn/max/2026/06/127204_max.jpeg?t=1780939620,13841,https://www.automobile.tn/fr/occasion/mercedes-benz/glc/127204,63,440000,37 cv,Mercedes-Benz GLC,Intégrale,
2024,Automatique,,Aucune évaluation,Hybride,Sfax,https://catalogue.automobile.tn/max/2026/06/127588_max.jpeg?t=1781969206,45008,https://www.automobile.tn/fr/occasion/audi/q8/127588,63,330000,22 cv,Audi Q8,Intégrale,
2023,Automatique,,Bon prix,Hybride,Sfax,https://catalogue.automobile.tn/max/2026/06/127726_max.jpeg?t=1786964452,37482,https://www.automobile.tn/fr/occasion/porsche/cayenne-coupe/127726,63,360000,22 cv,Porsche Cayenne Coupé,Intégrale,
2026,Automatique,,Aucune évaluation,Hybride,Sfax,https://catalogue.automobile.tn/max/2026/07/128329_max.jpeg?t=1784039131,2195,https://www.automobile.tn/fr/occasion/audi/a3-sportback/128329,63,145000,8 cv,Audi A3 Sportback,Traction,
2025,Automatique,,Aucune évaluation,Hybride,Sfax,https://catalogue.automobile.tn/max/2026/07/128330_max.jpeg?t=1784053594,14230,https://www.automobile.tn/fr/occasion/renault/rafale/128330,63,145000,8 cv,Renault Rafale,Intégrale,
2013,Automatique,,Prix équitable,Essence,Sfax,https://catalogue.automobile.tn/max/2026/07/128387_max.jpeg?t=1784209746,10899,https://www.automobile.tn/fr/occasion/volkswagen/golf-7/128387,62,60000,5 cv,Volkswagen Golf 7,Traction,
2026,Automatique,,Aucune évaluation,Hybride,Sfax,https://catalogue.automobile.tn/max/2026/08/129208_max.jpeg?t=1786458364,2735,https://www.automobile.tn/fr/occasion/volkswagen/tayron/129208,62,190000,9 cv,Volkswagen Tayron,Intégrale,
2026,Automatique,,Aucune évaluation,Essence,Sfax,https://catalogue.automobile.tn/max/2026/08/129211_max.jpeg?t=1786465537,72,https://www.automobile.tn/fr/occasion/dongfeng/shine/129211,62,65000,6 cv,Dongfeng Shine,Intégrale,
2017,Automatique,,Aucune évaluation,Essence,Ariana,https://catalogue.automobile.tn/max/2026/08/129802_max.jpeg?t=1788175529,402000,https://www.automobile.tn/fr/occasion/bmw/x4/129802,62,55000,15 cv,BMW X4,Propulsion,
2024,Automatique,,Aucune évaluation,Diesel,Tunis,https://catalogue.automobile.tn/max/2026/08/129689_max.jpeg?t=1788178057,28000,https://www.automobile.tn/fr/occasion/dacia/duster/129689,62,105800,6 cv,Dacia Duster,Traction,
2024,Automatique,,Prix très élevé,Essence,Ariana,https://catalogue.automobile.tn/max/2026/08/129663_max.jpeg?t=1788076544,26000,https://www.automobile.tn/fr/occasion/great-wall/jolion/129663,62,86500,9 cv,GWM Haval Jolion,Traction,
2016,Manuelle,,Bon prix,Essence,Tunis,https://catalogue.automobile.tn/max/2026/08/129805_max.jpeg?t=1788182769,200000,https://www.automobile.tn/fr/occasion/nissan/micra/129805,62,23000,5 cv,Nissan Micra,Traction,
2021,Manuelle,,Bon prix,Essence,Bizerte,https://catalogue.automobile.tn/max/2026/08/129808_max.jpeg?t=1788186359,97000,https://www.automobile.tn/fr/occasion/chery/tiggo-2/129808,62,38500,6 cv,Chery Tiggo 2,Traction,
2020,Automatique,,Prix équitable,Essence,Ben Arous,https://catalogue.automobile.tn/max/2026/02/123737_max.jpeg?t=1771789576,112000,https://www.automobile.tn/fr/occasion/kia/sportage/123737,62,79000,8 cv,KIA Sportage,Traction,
2019,Automatique,,Aucune évaluation,Diesel,Ben Arous,https://catalogue.automobile.tn/max/2026/02/123742_max.jpeg?t=1771791639,90000,https://www.automobile.tn/fr/occasion/jeep/wrangler-unlimited/123742,62,205000,10 cv,Jeep Wrangler Unlimited,Intégrale,
2020,Automatique,,Aucune évaluation,Electrique,Ben Arous,https://catalogue.automobile.tn/max/2026/02/123746_max.jpeg?t=1771792985,54000,https://www.automobile.tn/fr/occasion/audi/e-tron-sportback/123746,61,143000,8 cv,Audi E-tron Sportback,Intégrale,
2021,Automatique,,Prix équitable,Diesel,Bizerte,https://catalogue.automobile.tn/max/2026/02/123747_max.jpeg?t=1771793435,160000,https://www.automobile.tn/fr/occasion/mercedes-benz/cla/123747,61,117000,7 cv,Mercedes-Benz CLA,Traction,
2021,Automatique,,Prix élevé,Essence,Ben Arous,https://catalogue.automobile.tn/max/2026/02/123756_max.jpeg?t=1771805521,65000,https://www.automobile.tn/fr/occasion/peugeot/2008/123756,61,68000,6 cv,Peugeot 2008,Traction,
2024,Automatique,,Prix élevé,Essence,Ben Arous,https://catalogue.automobile.tn/max/2026/02/123757_max.jpeg?t=1771805753,16000,https://www.automobile.tn/fr/occasion/chevrolet/captiva/123757,61,87500,9 cv,Chevrolet Captiva,Traction,
2021,Automatique,,Prix équitable,Hybride,Ben Arous,https://catalogue.automobile.tn/max/2026/02/123760_max.jpeg?t=1771807083,75000,https://www.automobile.tn/fr/occasion/hyundai/tucson/123760,61,117000,8 cv,Hyundai Tucson,Intégrale,
2011,Manuelle,,Très bon prix,Diesel,Ben Arous,https://catalogue.automobile.tn/max/2026/02/123836_max.jpeg?t=1781803310,280000,https://www.automobile.tn/fr/occasion/bmw/serie-5/123836,61,60000,10 cv,BMW Série 5,Propulsion,
2021,Automatique,,Très bon prix,Essence,Ben Arous,https://catalogue.automobile.tn/max/2026/02/123865_max.jpeg?t=1772063127,60000,https://www.automobile.tn/fr/occasion/peugeot/208/123865,61,49000,6 cv,Peugeot 208,Traction,
2020,Automatique,,Prix équitable,Diesel,Ben Arous,https://catalogue.automobile.tn/max/2026/02/123866_max.jpeg?t=1772044322,129000,https://www.automobile.tn/fr/occasion/kia/sportage/123866,61,82000,8 cv,KIA Sportage,Intégrale,
2023,Automatique,,Prix très élevé,Hybride,Ben Arous,https://catalogue.automobile.tn/max/2026/02/123879_max.jpeg?t=1772070384,50000,https://www.automobile.tn/fr/occasion/mg/ehs/123879,61,109000,7 cv,MG e-HS,Traction,
2023,Automatique,,Prix très élevé,Hybride,Ben Arous,https://catalogue.automobile.tn/max/2026/02/123880_max.jpeg?t=1772070634,60000,https://www.automobile.tn/fr/occasion/mg/ehs/123880,61,109000,7 cv,MG e-HS,Traction,
2023,Automatique,,Prix élevé,Essence,Ben Arous,https://catalogue.automobile.tn/max/2026/04/125158_max.jpeg?t=1775503592,30000,https://www.automobile.tn/fr/occasion/chery/tiggo-8-pro/125158,60,95000,11 cv,Chery Tiggo 8 Pro,Traction,
2016,Manuelle,,Aucune évaluation,Diesel,Ben Arous,https://catalogue.automobile.tn/max/2026/04/125199_max.jpeg?t=1775586338,90000,https://www.automobile.tn/fr/occasion/land-rover/range-rover-evoque/125199,60,90000,8 cv,Land Rover Range Rover Evoque,Traction,
2022,Automatique,,Prix équitable,Essence,Ben Arous,https://catalogue.automobile.tn/max/2026/04/125726_max.jpeg?t=1776885946,111000,https://www.automobile.tn/fr/occasion/toyota/corolla-5p/125726,60,64000,6 cv,Toyota Corolla,Traction,
2022,Automatique,,Prix équitable,Hybride,Ben Arous,https://catalogue.automobile.tn/max/2026/04/125754_max.jpeg?t=1776950724,35000,https://www.automobile.tn/fr/occasion/mercedes-benz/classe-c/125754,60,197000,10 cv,Mercedes-Benz Classe C,Propulsion,
2020,Manuelle,,Prix équitable,Essence,Ben Arous,https://catalogue.automobile.tn/max/2026/04/125945_max.jpeg?t=1777425992,100000,https://www.automobile.tn/fr/occasion/volkswagen/golf-7/125945,60,66000,6 cv,Volkswagen Golf 7,Traction,
2020,Automatique,,Prix équitable,Essence,Ben Arous,https://catalogue.automobile.tn/max/2026/04/125946_max.jpeg?t=1782763819,172000,https://www.automobile.tn/fr/occasion/honda/civic/125946,60,60000,10 cv,Honda Civic,Traction,
2017,Automatique,,Très bon prix,Essence,Ben Arous,https://catalogue.automobile.tn/max/2026/04/125947_max.jpeg?t=1777425933,117000,https://www.automobile.tn/fr/occasion/bmw/serie-4-gran-coupe/125947,60,88000,8 cv,BMW Série 4 Gran Coupé,Propulsion,
2019,Automatique,,Très bon prix,Essence,Ben Arous,https://catalogue.automobile.tn/max/2026/05/126497_max.jpeg?t=1778844352,250000,https://www.automobile.tn/fr/occasion/suzuki/vitara/126497,60,46000,6 cv,Suzuki Vitara,Intégrale,
2014,Automatique,,Prix équitable,Essence,Ben Arous,https://catalogue.automobile.tn/max/2026/06/127079_max.jpeg?t=1784727387,170000,https://www.automobile.tn/fr/occasion/mercedes-benz/cla/127079,60,69000,8 cv,Mercedes-Benz CLA,Propulsion,
2022,Automatique,,Aucune évaluation,Hybride,Ben Arous,https://catalogue.automobile.tn/max/2026/06/127349_max.jpeg?t=1781299559,96000,https://www.automobile.tn/fr/occasion/peugeot/3008/127349,60,108000,11 cv,Peugeot 3008,Intégrale,
2016,Manuelle,,Prix très élevé,Essence,Ben Arous,https://catalogue.automobile.tn/max/2026/07/128084_max.jpeg?t=1783394757,220000,https://www.automobile.tn/fr/occasion/hyundai/grand-i10/128084,59,33000,5 cv,Hyundai Grand i10,Traction,
2009,Manuelle,,Bon prix,Diesel,Ben Arous,https://catalogue.automobile.tn/max/2026/07/128623_max.jpeg?t=1787830615,400000,https://www.automobile.tn/fr/occasion/toyota/prado/128623,59,92000,12 cv,Toyota Prado,Intégrale,
2009,Automatique,,Très bon prix,Essence,Ben Arous,https://catalogue.automobile.tn/max/2026/07/128630_max.jpeg?t=1785507923,187000,https://www.automobile.tn/fr/occasion/porsche/cayenne/128630,59,53000,21 cv,Porsche Cayenne,Intégrale,
2018,Automatique,,Bon prix,Essence,Ben Arous,https://catalogue.automobile.tn/max/2026/07/128673_max.jpeg?t=1785176801,130000,https://www.automobile.tn/fr/occasion/bmw/x1/128673,59,75000,7 cv,BMW X1,Traction,
2012,Manuelle,,Très bon prix,Essence,Ben Arous,https://catalogue.automobile.tn/max/2026/07/128676_max.jpeg?t=1785162393,200000,https://www.automobile.tn/fr/occasion/volkswagen/passat/128676,59,39000,9 cv,Volkswagen Passat,Traction,
2010,Automatique,,Aucune évaluation,Essence,Tunis,https://catalogue.automobile.tn/max/2026/08/129810_max.jpeg?t=1788189935,84000,https://www.automobile.tn/fr/occasion/mercedes-benz/classe-e-coupe/129810,59,100000,19 cv,Mercedes-Benz Classe E coupé,Propulsion,
2023,Automatique,,Bon prix,Essence,Ariana,https://catalogue.automobile.tn/max/2026/08/129811_max.jpeg?t=1788189911,21000,https://www.automobile.tn/fr/occasion/opel/astra/129811,59,79000,7 cv,Opel Astra,Traction,
2018,Automatique,,Aucune évaluation,Diesel,Le Kef,https://catalogue.automobile.tn/max/2026/08/129812_max.jpeg?t=1788207990,300000,https://www.automobile.tn/fr/occasion/isuzu/d-max-dc/129812,59,65000,8 cv,Isuzu D-Max Double Cabine,Traction,
2020,Manuelle,,Prix équitable,Diesel,Ariana,https://catalogue.automobile.tn/max/2026/08/129813_max.jpeg?t=1788208026,164000,https://www.automobile.tn/fr/occasion/fiat/fiorino/129813,59,30000,5 cv,Fiat Fiorino,Traction,
2022,Automatique,,Bon prix,Hybride,Sousse,https://catalogue.automobile.tn/max/2026/08/129814_max.jpeg?t=1788197174,118000,https://www.automobile.tn/fr/occasion/mercedes-benz/gla/129814,59,115000,8 cv,Mercedes-Benz GLA,Traction,
2023,Manuelle,,Prix équitable,Essence,Tunis,https://catalogue.automobile.tn/max/2026/06/127728_max.jpeg?t=1785523021,49000,https://www.automobile.tn/fr/occasion/dacia/sandero/127728,58,50000,5 cv,Dacia Sandero,Traction,
2013,Automatique,,Prix très élevé,Essence,Sfax,https://catalogue.automobile.tn/max/2026/08/129817_max.jpeg?t=1788200770,257089,https://www.automobile.tn/fr/occasion/mercedes-benz/classe-e/129817,58,75000,10 cv,Mercedes-Benz Classe E,Propulsion,
2022,Automatique,,Aucune évaluation,Essence,Ben Arous,https://catalogue.automobile.tn/max/2026/08/129819_max.jpeg?t=1788207924,131000,https://www.automobile.tn/fr/occasion/kia/k5/129819,58,120000,9 cv,KIA K5,Intégrale,
2016,Manuelle,,Prix élevé,Essence,Ariana,https://catalogue.automobile.tn/max/2026/08/129820_max.jpeg?t=1788213514,164600,https://www.automobile.tn/fr/occasion/seat/ibiza/129820,58,36000,4 cv,Seat Ibiza,Traction,
2023,Automatique,,Prix équitable,Diesel,Ben Arous,https://catalogue.automobile.tn/max/2026/08/129535_max.jpeg?t=1788201955,55000,https://www.automobile.tn/fr/occasion/toyota/hilux/129535,58,178000,8 cv,Toyota Hilux Double Cabine,Intégrale,
2023,Automatique,,Prix élevé,Hybride,Zaghouan,https://catalogue.automobile.tn/max/2026/08/129709_max.jpeg?t=1788204017,67500,https://www.automobile.tn/fr/occasion/audi/q3-sportback/129709,58,150000,8 cv,Audi Q3 Sportback,Traction,
2025,Automatique,,Aucune évaluation,Hybride,Bizerte,https://catalogue.automobile.tn/max/2026/08/129745_max.jpeg?t=1788113479,31000,https://www.automobile.tn/fr/occasion/mercedes-benz/glc-coupe/129745,58,255000,11 cv,Mercedes-Benz GLC Coupé,Intégrale,
2017,Automatique,,Très bon prix,Essence,Tunis,https://catalogue.automobile.tn/max/2026/08/129332_max.jpeg?t=1786989981,140000,https://www.automobile.tn/fr/occasion/mercedes-benz/classe-c-coupe/129332,58,105000,8 cv,Mercedes-Benz Classe C coupé,Propulsion,
2020,Automatique,,Bon prix,Essence,Tunis,https://catalogue.automobile.tn/max/2026/08/129190_max.jpeg?t=1788206661,77500,https://www.automobile.tn/fr/occasion/audi/q2/129190,58,73000,6 cv,Audi Q2,Traction,
2017,Manuelle,,Prix équitable,Essence,Ariana,https://catalogue.automobile.tn/max/2026/08/129146_max.jpeg?t=1788207252,165000,https://www.automobile.tn/fr/occasion/ford/fusion/129146,58,50500,9 cv,Ford Fusion,Traction,
2021,Manuelle,,Prix équitable,Essence,Ben Arous,https://catalogue.automobile.tn/max/2026/08/129824_max.jpeg?t=1788283524,66000,https://www.automobile.tn/fr/occasion/geely/gx3/129824,57,48000,6 cv,Geely GX3,Traction,
2019,Automatique,,Très bon prix,Essence,Bizerte,https://catalogue.automobile.tn/max/2026/08/129679_max.jpeg?t=1788229657,162000,https://www.automobile.tn/fr/occasion/jeep/cherokee/129679,57,80000,11 cv,Jeep Cherokee,Intégrale,
2020,Manuelle,,Prix équitable,Diesel,Bizerte,https://catalogue.automobile.tn/max/2026/07/128443_max.jpeg?t=1788240450,170000,https://www.automobile.tn/fr/occasion/fiat/fiorino/128443,57,31000,5 cv,Fiat Fiorino,Traction,
2010,Manuelle,,Prix équitable,Diesel,Ariana,https://catalogue.automobile.tn/max/2026/08/129275_max.jpeg?t=1786641989,265000,https://www.automobile.tn/fr/occasion/kia/sportage/129275,57,44000,6 cv,KIA Sportage,Traction,
2023,Manuelle,,Prix très élevé,Essence,Monastir,https://catalogue.automobile.tn/max/2026/08/129712_max.jpeg?t=1787900097,49200,https://www.automobile.tn/fr/occasion/volkswagen/polo/129712,57,79000,5 cv,Volkswagen Polo,Traction,
2020,Automatique,,Prix élevé,Essence,Sfax,https://catalogue.automobile.tn/max/2026/09/129831_max.jpeg?t=1788283499,134000,https://www.automobile.tn/fr/occasion/kia/sportage/129831,57,90000,11 cv,KIA Sportage,Intégrale,
2020,Manuelle,,Prix équitable,Essence,Bizerte,https://catalogue.automobile.tn/max/2026/08/128880_max.jpeg?t=1788252908,23300,https://www.automobile.tn/fr/occasion/seat/arona/128880,57,66000,6 cv,Seat Arona,Traction,
1992,Manuelle,,Aucune évaluation,Diesel,Bizerte,https://catalogue.automobile.tn/max/2026/08/129546_max.jpeg?t=1787541342,453000,https://www.automobile.tn/fr/occasion/nissan/patrol/129546,57,73000,11 cv,Nissan Patrol,Traction,
2017,Manuelle,,Prix équitable,Essence,Ariana,https://catalogue.automobile.tn/max/2026/07/128657_max.jpeg?t=1787661150,135000,https://www.automobile.tn/fr/occasion/citroen/c3/128657,57,33500,4 cv,Citroën C3,Traction,
2009,Manuelle,,Aucune évaluation,Diesel,Sousse,https://catalogue.automobile.tn/max/2026/09/129832_max.jpeg?t=1788283496,380000,https://www.automobile.tn/fr/occasion/volkswagen/tiguan/129832,57,48000,9 cv,Volkswagen Tiguan,Intégrale,
2020,Manuelle,,Prix élevé,Essence,Tunis,https://catalogue.automobile.tn/max/2024/11/108804_max.jpeg?t=1732874821,70000,https://www.automobile.tn/fr/occasion/volkswagen/polo/108804,56,65500,4 cv,Volkswagen Polo,Traction,
2021,Automatique,,Aucune évaluation,Essence,Tunis,https://catalogue.automobile.tn/max/2025/04/113182_max.jpeg?t=1744905876,79000,https://www.automobile.tn/fr/occasion/bmw/serie-2-gran-coupe/113182,56,135000,8 cv,BMW Série 2 Gran Coupé,Traction,
2016,Automatique,,Très bon prix,Essence,Tunis,https://catalogue.automobile.tn/max/2025/06/115188_max.jpeg?t=1786022224,175000,https://www.automobile.tn/fr/occasion/land-rover/range-rover-evoque/115188,56,73000,15 cv,Land Rover Range Rover Evoque,Traction,
2023,Automatique,,Aucune évaluation,Essence,Tunis,https://catalogue.automobile.tn/max/2025/07/116104_max.jpeg?t=1752747701,74000,https://www.automobile.tn/fr/occasion/kia/sonet/116104,56,94000,6 cv,KIA Sonet,Traction,
2005,Automatique,,Aucune évaluation,Essence,Tunis,https://catalogue.automobile.tn/max/2025/07/116290_max.jpeg?t=1784216202,190000,https://www.automobile.tn/fr/occasion/jeep/grand-cherokee/116290,56,75000,15 cv,Jeep Grand Cherokee,Intégrale,
2020,Automatique,,Très bon prix,Hybride,Tunis,https://catalogue.automobile.tn/max/2025/09/117527_max.jpeg?t=1758273060,69000,https://www.automobile.tn/fr/occasion/kia/sportage/117527,56,98000,11 cv,KIA Sportage,Intégrale,
2022,Automatique,,Prix élevé,Essence,Tunis,https://catalogue.automobile.tn/max/2025/09/117533_max.jpeg?t=1787143648,90000,https://www.automobile.tn/fr/occasion/bmw/serie-2-gran-coupe/117533,56,115000,8 cv,BMW Série 2 Gran Coupé,Traction,
2022,Automatique,,Bon prix,Essence,Tunis,https://catalogue.automobile.tn/max/2025/09/117992_max.jpeg?t=1771251822,55000,https://www.automobile.tn/fr/occasion/cupra/formentor/117992,56,117000,11 cv,Cupra Formentor,Traction,
2021,Automatique,,Prix équitable,Essence,Tunis,https://catalogue.automobile.tn/max/2025/10/118760_max.jpeg?t=1759398583,88000,https://www.automobile.tn/fr/occasion/kia/sportage/118760,56,92000,8 cv,KIA Sportage,Traction,
2018,Automatique,,Prix équitable,Essence,Tunis,https://catalogue.automobile.tn/max/2025/11/120058_max.jpeg?t=1762516945,149000,https://www.automobile.tn/fr/occasion/kia/sportage/120058,56,68000,8 cv,KIA Sportage,Traction,
2017,Manuelle,,Prix très élevé,Essence,Tunis,https://catalogue.automobile.tn/max/2025/12/121045_max.jpeg?t=1764775888,98000,https://www.automobile.tn/fr/occasion/peugeot/2008/121045,55,48500,5 cv,Peugeot 2008,Traction,
2018,Automatique,,Bon prix,Essence,Tunis,https://catalogue.automobile.tn/max/2025/12/121635_max.jpeg?t=1784215534,50000,https://www.automobile.tn/fr/occasion/bmw/serie-4-gran-coupe/121635,55,98000,7 cv,BMW Série 4 Gran Coupé,Propulsion,
2021,Automatique,,Prix équitable,Diesel,Tunis,https://catalogue.automobile.tn/max/2026/01/121873_max.jpeg?t=1767443005,140000,https://www.automobile.tn/fr/occasion/peugeot/3008/121873,55,85500,7 cv,Peugeot 3008,Traction,
2019,Automatique,,Aucune évaluation,Diesel,Tunis,https://catalogue.automobile.tn/max/2026/01/122081_max.jpeg?t=1784215567,3000,https://www.automobile.tn/fr/occasion/land-rover/discovery/122081,55,210000,16 cv,Land Rover Discovery,Intégrale,
2017,Automatique,,Aucune évaluation,Diesel,Tunis,https://catalogue.automobile.tn/max/2026/02/123036_max.jpeg?t=1770116499,160000,https://www.automobile.tn/fr/occasion/mercedes-benz/gla/123036,55,95000,9 cv,Mercedes-Benz GLA,Intégrale,
2023,Automatique,,Bon prix,Hybride,Tunis,https://catalogue.automobile.tn/max/2026/02/123068_max.jpeg?t=1786982001,50000,https://www.automobile.tn/fr/occasion/mercedes-benz/classe-c/123068,55,165000,9 cv,Mercedes-Benz Classe C,Propulsion,
2016,Manuelle,,Prix équitable,Essence,Tunis,https://catalogue.automobile.tn/max/2026/02/123286_max.jpeg?t=1770722326,140000,https://www.automobile.tn/fr/occasion/nissan/qashqai/123286,55,52000,6 cv,Nissan Qashqai,Traction,
2018,Automatique,,Prix équitable,Essence,Tunis,https://catalogue.automobile.tn/max/2026/03/124387_max.jpeg?t=1773404831,150000,https://www.automobile.tn/fr/occasion/toyota/c-hr/124387,55,66000,6 cv,Toyota C-HR,Traction,
2022,Manuelle,,Prix équitable,Essence,Tunis,https://catalogue.automobile.tn/max/2026/03/124624_max.jpeg?t=1774301170,28000,https://www.automobile.tn/fr/occasion/mg/zs/124624,55,67000,7 cv,MG ZS,Traction,
2024,Automatique,,Prix élevé,Essence,Tunis,https://catalogue.automobile.tn/max/2026/04/125000_max.jpeg?t=1778675841,80000,https://www.automobile.tn/fr/occasion/suzuki/swift/125000,55,44500,5 cv,Suzuki Swift,Traction,
2012,Automatique,,Bon prix,Essence,Tunis,https://catalogue.automobile.tn/max/2026/04/125183_max.jpeg?t=1775564728,160000,https://www.automobile.tn/fr/occasion/mercedes-benz/classe-c-coupe/125183,54,57000,9 cv,Mercedes-Benz Classe C coupé,Propulsion,
2008,Automatique,,Bon prix,Diesel,Tunis,https://catalogue.automobile.tn/max/2026/04/125743_max.jpeg?t=1779277339,340000,https://www.automobile.tn/fr/occasion/audi/q7/125743,54,49000,16 cv,Audi Q7,Intégrale,
2021,Automatique,,Très bon prix,Hybride,Tunis,https://catalogue.automobile.tn/max/2026/04/125915_max.jpeg?t=1777397195,49000,https://www.automobile.tn/fr/occasion/mercedes-benz/cla/125915,54,118000,8 cv,Mercedes-Benz CLA,Traction,
2012,Manuelle,,Prix très élevé,Essence,Tunis,https://catalogue.automobile.tn/max/2026/05/126110_max.jpeg?t=1787921596,22000,https://www.automobile.tn/fr/occasion/mercedes-benz/classe-c/126110,54,76000,9 cv,Mercedes-Benz Classe C,Traction,
2020,Automatique,,Aucune évaluation,Hybride,Tunis,https://catalogue.automobile.tn/max/2026/04/125255_max.jpeg?t=1775751992,135000,https://www.automobile.tn/fr/occasion/toyota/corolla-5p/125255,54,79000,5 cv,Toyota Corolla,Traction,
2023,Manuelle,,Prix très élevé,Essence,Tunis,https://catalogue.automobile.tn/max/2026/05/126197_max.jpeg?t=1778605502,88000,https://www.automobile.tn/fr/occasion/volkswagen/t-cross/126197,54,75000,5 cv,Volkswagen T-Cross,Traction,
2018,Automatique,,Très bon prix,Essence,Tunis,https://catalogue.automobile.tn/max/2026/05/126590_max.jpeg?t=1784724399,160000,https://www.automobile.tn/fr/occasion/bmw/serie-3/126590,54,59000,7 cv,BMW Série 3,Propulsion,
2021,Automatique,,Bon prix,Hybride,Tunis,https://catalogue.automobile.tn/max/2026/05/126598_max.jpeg?t=1779107147,42000,https://www.automobile.tn/fr/occasion/mercedes-benz/glc-coupe/126598,54,179000,12 cv,Mercedes-Benz GLC Coupé,Intégrale,
2024,Automatique,,Bon prix,Essence,Tunis,https://catalogue.automobile.tn/max/2026/05/126111_max.jpeg?t=1785920048,70000,https://www.automobile.tn/fr/occasion/hyundai/i30-fastback/126111,54,73000,7 cv,Hyundai i30 Fastback,Traction,
2015,Manuelle,,Prix équitable,Essence,Tunis,https://catalogue.automobile.tn/max/2026/05/126732_max.jpeg?t=1787071943,67000,https://www.automobile.tn/fr/occasion/nissan/qashqai/126732,54,59500,7 cv,Nissan Qashqai,Traction,
2023,Automatique,,Prix élevé,Essence,Tunis,https://catalogue.automobile.tn/max/2026/06/126984_max.jpeg?t=1786040849,50000,https://www.automobile.tn/fr/occasion/volkswagen/golf-8/126984,53,130000,8 cv,Volkswagen Golf 8,Traction,
2021,Automatique,,Prix élevé,Hybride,Tunis,https://catalogue.automobile.tn/max/2026/06/127032_max.jpeg?t=1780489586,64000,https://www.automobile.tn/fr/occasion/mercedes-benz/gle-coupe/127032,53,280000,12 cv,Mercedes-Benz GLE Coupé,Intégrale,
2021,Manuelle,,Prix équitable,Essence,Tunis,https://catalogue.automobile.tn/max/2026/06/127205_max.jpeg?t=1780939585,59000,https://www.automobile.tn/fr/occasion/volkswagen/golf-8/127205,53,80000,6 cv,Volkswagen Golf 8,Traction,
2014,Automatique,,Prix équitable,Essence,Tunis,https://catalogue.automobile.tn/max/2026/06/127230_max.jpeg?t=1781007954,88000,https://www.automobile.tn/fr/occasion/mercedes-benz/classe-e/127230,53,83500,9 cv,Mercedes-Benz Classe E,Propulsion,
2020,Automatique,,Bon prix,Essence,Tunis,https://catalogue.automobile.tn/max/2026/06/127305_max.jpeg?t=1781205878,108000,https://www.automobile.tn/fr/occasion/mg/zs/127305,53,55000,7 cv,MG ZS,Traction,
2022,Manuelle,,Prix élevé,Essence,Tunis,https://catalogue.automobile.tn/max/2026/06/126973_max.jpeg?t=1786550113,50000,https://www.automobile.tn/fr/occasion/peugeot/308/126973,53,48000,6 cv,Peugeot 308,Traction,
2023,Automatique,,Aucune évaluation,Hybride,Tunis,https://catalogue.automobile.tn/max/2026/06/127422_max.jpeg?t=1784216325,90000,https://www.automobile.tn/fr/occasion/mercedes-benz/gle-coupe/127422,53,295000,11 cv,Mercedes-Benz GLE Coupé,Intégrale,
2021,Automatique,,Très bon prix,Hybride,Tunis,https://catalogue.automobile.tn/max/2026/06/127668_max.jpeg?t=1786350708,136000,https://www.automobile.tn/fr/occasion/kia/sportage/127668,53,83000,7 cv,KIA Sportage,Traction,
2025,Automatique,,Prix équitable,Essence,Tunis,https://catalogue.automobile.tn/max/2026/06/127670_max.jpeg?t=1782213934,8000,https://www.automobile.tn/fr/occasion/mg/zs/127670,53,79500,6 cv,MG ZS,Traction,
2024,Automatique,,Prix équitable,Hybride,Tunis,https://catalogue.automobile.tn/max/2026/06/127559_max.jpeg?t=1781882741,49000,https://www.automobile.tn/fr/occasion/mercedes-benz/classe-c/127559,53,179000,11 cv,Mercedes-Benz Classe C,Intégrale,
2019,Automatique,,Bon prix,Essence,Tunis,https://catalogue.automobile.tn/max/2026/06/127781_max.jpeg?t=1782494739,98000,https://www.automobile.tn/fr/occasion/great-wall/h6/127781,52,66000,9 cv,GWM Haval H6,Traction,
2021,Manuelle,,Prix équitable,Essence,Tunis,https://catalogue.automobile.tn/max/2026/07/128106_max.jpeg?t=1784909518,100000,https://www.automobile.tn/fr/occasion/volkswagen/polo/128106,52,55000,4 cv,Volkswagen Polo,Traction,
2019,Manuelle,,Bon prix,Essence,Tunis,https://catalogue.automobile.tn/max/2026/07/127967_max.jpeg?t=1783009543,129000,https://www.automobile.tn/fr/occasion/kia/rio-5p/127967,52,43000,5 cv,KIA Rio 5p,Traction,
2024,Manuelle,,Prix équitable,Essence,Tunis,https://catalogue.automobile.tn/max/2026/07/128129_max.jpeg?t=1783506405,20000,https://www.automobile.tn/fr/occasion/kia/picanto/128129,52,43500,4 cv,KIA Picanto,Traction,
2013,Manuelle,,Bon prix,Essence,Tunis,https://catalogue.automobile.tn/max/2026/07/128547_max.jpeg?t=1784812551,74000,https://www.automobile.tn/fr/occasion/mini/3-portes/128547,52,36000,4 cv,Mini Cooper 3 portes,Intégrale,
2022,Automatique,,Aucune évaluation,Essence,Tunis,https://catalogue.automobile.tn/max/2026/07/128177_max.jpeg?t=1783612532,44000,https://www.automobile.tn/fr/occasion/bmw/serie-5/128177,52,161900,10 cv,BMW Série 5,Propulsion,
2025,Automatique,,Prix élevé,Essence,Tunis,https://catalogue.automobile.tn/max/2026/07/128549_max.jpeg?t=1784814447,10000,https://www.automobile.tn/fr/occasion/volkswagen/golf-8/128549,52,117000,8 cv,Volkswagen Golf 8,Traction,
2014,Automatique,,Très bon prix,Diesel,Tunis,https://catalogue.automobile.tn/max/2026/07/128563_max.jpeg?t=1784813152,120000,https://www.automobile.tn/fr/occasion/land-rover/range-rover-evoque/128563,52,79000,9 cv,Land Rover Range Rover Evoque,Intégrale,
2021,Automatique,,Très bon prix,Essence,Tunis,https://catalogue.automobile.tn/max/2026/07/128627_max.jpeg?t=1784993156,113000,https://www.automobile.tn/fr/occasion/hyundai/tucson/128627,52,95000,7 cv,Hyundai Tucson,Traction,
2023,Automatique,,Très bon prix,Essence,Tunis,https://catalogue.automobile.tn/max/2026/08/128935_max.jpeg?t=1785770794,100000,https://www.automobile.tn/fr/occasion/cupra/formentor/128935,51,99000,11 cv,Cupra Formentor,Traction,
2017,Manuelle,,Prix équitable,Essence,Tunis,https://catalogue.automobile.tn/max/2026/08/128936_max.jpeg?t=1786009968,178000,https://www.automobile.tn/fr/occasion/volkswagen/golf-7/128936,51,58000,6 cv,Volkswagen Golf 7,Intégrale,
2016,Manuelle,,Prix équitable,Essence,Tunis,https://catalogue.automobile.tn/max/2026/08/128937_max.jpeg?t=1785770734,215000,https://www.automobile.tn/fr/occasion/renault/kadjar/128937,51,47000,7 cv,Renault Kadjar,Traction,
2009,Automatique,,Prix très élevé,Essence,Tunis,https://catalogue.automobile.tn/max/2026/08/128938_max.jpeg?t=1788276930,153000,https://www.automobile.tn/fr/occasion/mercedes-benz/classe-e-coupe/128938,51,69000,19 cv,Mercedes-Benz Classe E coupé,Propulsion,
2022,Automatique,,Aucune évaluation,Essence,Tunis,https://catalogue.automobile.tn/max/2026/08/128971_max.jpeg?t=1785839133,90000,https://www.automobile.tn/fr/occasion/kia/ceed/128971,51,105000,5 cv,KIA Cee'd,Propulsion,
2022,Automatique,,Bon prix,Essence,Tunis,https://catalogue.automobile.tn/max/2026/07/128784_max.jpeg?t=1785407138,100000,https://www.automobile.tn/fr/occasion/toyota/c-hr/128784,52,73000,6 cv,Toyota C-HR,Traction,
2020,Automatique,,Prix équitable,Essence,Tunis,https://catalogue.automobile.tn/max/2026/08/129128_max.jpeg?t=1786202565,100000,https://www.automobile.tn/fr/occasion/volkswagen/passat/129128,51,92000,8 cv,Volkswagen Passat,Traction,
2024,Automatique,,Prix très élevé,Essence,Tunis,https://catalogue.automobile.tn/max/2026/08/128984_max.jpeg?t=1785868047,11000,https://www.automobile.tn/fr/occasion/kia/sonet/128984,51,87000,6 cv,KIA Sonet,Traction,
2015,Automatique,,Très bon prix,Diesel,Tunis,https://catalogue.automobile.tn/max/2026/08/129191_max.jpeg?t=1786440373,220000,https://www.automobile.tn/fr/occasion/volkswagen/touareg/129191,51,99000,12 cv,Volkswagen Touareg,Intégrale,
2010,Manuelle,,Aucune évaluation,Essence,Tunis,https://catalogue.automobile.tn/max/2026/08/129202_max.jpeg?t=1786451217,158000,https://www.automobile.tn/fr/occasion/mercedes-benz/classe-c/129202,51,69000,7 cv,Mercedes-Benz Classe C,Intégrale,
2019,Manuelle,,Prix équitable,Essence,Tozeur,https://catalogue.automobile.tn/max/2026/08/129203_max.jpeg?t=1786451167,45000,https://www.automobile.tn/fr/occasion/volkswagen/golf-7/129203,51,73000,6 cv,Volkswagen Golf 7,Traction,
2022,Automatique,,Prix équitable,Hybride,Tunis,https://catalogue.automobile.tn/max/2026/08/129304_max.jpeg?t=1786728408,68000,https://www.automobile.tn/fr/occasion/bmw/x3/129304,50,168000,10 cv,BMW X3,Intégrale,
2022,Automatique,,Prix élevé,Essence,Tunis,https://catalogue.automobile.tn/max/2026/08/129391_max.jpeg?t=1787328599,60000,https://www.automobile.tn/fr/occasion/volkswagen/golf-8/129391,50,199000,19 cv,Volkswagen Golf 8,Traction,
2018,Manuelle,,Aucune évaluation,Diesel,Tunis,https://catalogue.automobile.tn/max/2026/08/129473_max.jpeg?t=1787156733,110000,https://www.automobile.tn/fr/occasion/jeep/compass/129473,50,87000,7 cv,Jeep Compass,Traction,
2023,Automatique,,Prix équitable,Essence,Tunis,https://catalogue.automobile.tn/max/2026/08/129639_max.jpeg?t=1787660749,70000,https://www.automobile.tn/fr/occasion/kia/picanto/129639,50,43500,4 cv,KIA Picanto,Traction,
2022,Manuelle,,Prix équitable,Essence,Tunis,https://catalogue.automobile.tn/max/2026/07/128636_max.jpeg?t=1785007548,130000,https://www.automobile.tn/fr/occasion/kia/stonic/128636,50,64000,6 cv,KIA Stonic,Traction,
2022,Manuelle,,Prix très élevé,Essence,Gafsa,https://catalogue.automobile.tn/max/2026/09/129834_max.jpeg?t=1788258374,105000,https://www.automobile.tn/fr/occasion/opel/corsa/129834,50,45000,5 cv,Opel Corsa,Traction,
2021,Automatique,,Prix équitable,Essence,Tunis,https://catalogue.automobile.tn/max/2026/08/128875_max.jpeg?t=1788255763,265000,https://www.automobile.tn/fr/occasion/seat/tarraco/128875,50,74000,9 cv,Seat Tarraco,Traction,
2022,Manuelle,,Prix élevé,Essence,Bizerte,https://catalogue.automobile.tn/max/2026/09/129835_max.jpeg?t=1788283446,29000,https://www.automobile.tn/fr/occasion/toyota/agya/129835,50,38500,4 cv,Toyota Agya,Traction,
2012,Manuelle,,Aucune évaluation,Diesel,Ariana,https://catalogue.automobile.tn/max/2026/09/129836_max.jpeg?t=1788258328,133000,https://www.automobile.tn/fr/occasion/volkswagen/polo/129836,50,23500,5 cv,Volkswagen Polo,Traction,
2015,Automatique,,Aucune évaluation,Essence,Bizerte,https://catalogue.automobile.tn/max/2026/08/128886_max.jpeg?t=1788262741,110000,https://www.automobile.tn/fr/occasion/nissan/x-trail/128886,50,75000,10 cv,Nissan X-trail,Intégrale,
2015,Automatique,,Bon prix,Essence,Tunis,https://catalogue.automobile.tn/max/2026/06/127336_max.jpeg?t=1781278367,200000,https://www.automobile.tn/fr/occasion/bmw/serie-4-coupe/127336,49,73000,10 cv,BMW Série 4 Coupé,Propulsion,
2018,Automatique,,Prix équitable,Diesel,Tunis,https://catalogue.automobile.tn/max/2026/06/127324_max.jpeg?t=1781267174,150000,https://www.automobile.tn/fr/occasion/land-rover/range-rover-velar/127324,49,195000,19 cv,Land Rover Range Rover Velar,Intégrale,
2025,Automatique,,Prix élevé,Hybride,Tunis,https://catalogue.automobile.tn/max/2026/06/127696_max.jpeg?t=1782296747,13000,https://www.automobile.tn/fr/occasion/mercedes-benz/cla/127696,49,175000,8 cv,Mercedes-Benz CLA,Traction,
2021,Manuelle,,Prix équitable,Essence,Tunis,https://catalogue.automobile.tn/max/2026/06/127535_max.jpeg?t=1781792733,75000,https://www.automobile.tn/fr/occasion/hyundai/grand-i10/127535,49,43500,5 cv,Hyundai Grand i10,Traction,
2016,Automatique,,Très bon prix,Essence,Tunis,https://catalogue.automobile.tn/max/2026/05/126825_max.jpeg?t=1779708390,98000,https://www.automobile.tn/fr/occasion/mercedes-benz/classe-c-coupe/126825,49,109000,9 cv,Mercedes-Benz Classe C coupé,Traction,
2014,Automatique,,Prix équitable,Essence,Tunis,https://catalogue.automobile.tn/max/2026/05/126831_max.jpeg?t=1779722760,88000,https://www.automobile.tn/fr/occasion/mercedes-benz/classe-e/126831,49,85800,9 cv,Mercedes-Benz Classe E,Propulsion,
2023,Automatique,,Bon prix,Essence,Tunis,https://catalogue.automobile.tn/max/2026/06/127005_max.jpeg?t=1780399551,80000,https://www.automobile.tn/fr/occasion/chery/tiggo-8-pro/127005,49,80000,11 cv,Chery Tiggo 8 Pro,Traction,
2017,Manuelle,,Très bon prix,Diesel,Tunis,https://catalogue.automobile.tn/max/2026/06/127099_max.jpeg?t=1780655176,210000,https://www.automobile.tn/fr/occasion/ssangyong/actyon-sports/127099,49,45000,7 cv,Ssangyong Actyon Sports,Intégrale,
2022,Automatique,,Prix équitable,Essence,Tunis,https://catalogue.automobile.tn/max/2026/06/127124_max.jpeg?t=1780745238,95000,https://www.automobile.tn/fr/occasion/hyundai/kona/127124,49,81000,11 cv,Hyundai Kona,Intégrale,
2021,Manuelle,,Prix équitable,Essence,Tunis,https://catalogue.automobile.tn/max/2026/06/127274_max.jpeg?t=1781112385,100000,https://www.automobile.tn/fr/occasion/volkswagen/polo/127274,49,56000,4 cv,Volkswagen Polo,Traction,
2017,Manuelle,,Aucune évaluation,Essence,Tunis,https://catalogue.automobile.tn/max/2026/06/127360_max.jpeg?t=1781357180,185000,https://www.automobile.tn/fr/occasion/nissan/juke/127360,48,53000,5 cv,Nissan Juke,Traction,
2019,Automatique,,Prix équitable,Essence,Tunis,https://catalogue.automobile.tn/max/2026/06/127410_max.jpeg?t=1781622237,160000,https://www.automobile.tn/fr/occasion/kia/sportage/127410,48,75000,8 cv,KIA Sportage,Traction,
2022,Automatique,,Aucune évaluation,Hybride,Tunis,https://catalogue.automobile.tn/max/2026/06/127527_max.jpeg?t=1781781962,65000,https://www.automobile.tn/fr/occasion/bmw/x3/127527,48,168000,10 cv,BMW X3,Intégrale,
2014,Manuelle,,Bon prix,Diesel,Tunis,https://catalogue.automobile.tn/max/2026/07/128087_max.jpeg?t=1783416375,200000,https://www.automobile.tn/fr/occasion/land-rover/range-rover-evoque/128087,48,63500,9 cv,Land Rover Range Rover Evoque,Traction,
2024,Automatique,,Très bon prix,Essence,Tunis,https://catalogue.automobile.tn/max/2026/07/128812_max.jpeg?t=1785860019,70000,https://www.automobile.tn/fr/occasion/hyundai/i30-fastback/128812,48,69000,7 cv,Hyundai i30 Fastback,Traction,
2021,Automatique,,Prix équitable,Essence,Tunis,https://catalogue.automobile.tn/max/2026/08/129527_max.jpeg?t=1787315137,89000,https://www.automobile.tn/fr/occasion/hyundai/grand-i10/129527,48,44000,5 cv,Hyundai Grand i10,Traction,
2023,Manuelle,,Prix équitable,Essence,Tunis,https://catalogue.automobile.tn/max/2026/07/128311_max.jpeg?t=1788269745,36000,https://www.automobile.tn/fr/occasion/ford/ecosport/128311,48,69000,7 cv,Ford Ecosport,Traction,
2020,Automatique,,Bon prix,Essence,Tunis,https://catalogue.automobile.tn/max/2026/04/125544_max.jpeg?t=1788270433,90000,https://www.automobile.tn/fr/occasion/bmw/serie-4-gran-coupe/125544,48,90000,7 cv,BMW Série 4 Gran Coupé,Propulsion,
2018,Manuelle,,Aucune évaluation,Essence,Bizerte,https://catalogue.automobile.tn/max/2026/08/129718_max.jpeg?t=1788272026,84000,https://www.automobile.tn/fr/occasion/ssangyong/xlv/129718,48,74000,7 cv,Ssangyong XLV,Traction,
2021,Manuelle,,Très bon prix,Essence,Tunis,https://catalogue.automobile.tn/max/2026/08/129452_max.jpeg?t=1788272443,130000,https://www.automobile.tn/fr/occasion/jeep/compass/129452,48,48000,8 cv,Jeep Compass,Traction,
2022,Automatique,,Prix équitable,Hybride,Monastir,https://catalogue.automobile.tn/max/2026/07/128773_max.jpeg?t=1788277414,56000,https://www.automobile.tn/fr/occasion/hyundai/tucson/128773,47,120000,10 cv,Hyundai Tucson,Intégrale,
2021,Manuelle,,Bon prix,Essence,Sfax,https://catalogue.automobile.tn/max/2026/09/129841_max.jpeg?t=1788296601,90000,https://www.automobile.tn/fr/occasion/dacia/logan-mcv/129841,47,40000,5 cv,Dacia Logan MCV,Traction,
2021,Automatique,,Bon prix,Essence,Ben Arous,https://catalogue.automobile.tn/max/2026/08/129779_max.jpeg?t=1788109492,110000,https://www.automobile.tn/fr/occasion/kia/rio/129779,47,49000,6 cv,KIA Rio Berline,Traction,
2020,Automatique,,Prix équitable,Essence,Tunis,https://catalogue.automobile.tn/max/2026/09/129844_max.jpeg?t=1788290779,133000,https://www.automobile.tn/fr/occasion/kia/sportage/129844,47,79000,11 cv,KIA Sportage,Intégrale,
2023,Manuelle,,Prix équitable,Essence,Ariana,https://catalogue.automobile.tn/max/2026/09/129845_max.jpeg?t=1788296474,111403,https://www.automobile.tn/fr/occasion/hyundai/grand-i10-sedan/129845,47,38500,4 cv,Hyundai Grand i10 Sedan,Traction,
2023,Manuelle,,Bon prix,Essence,Ariana,https://catalogue.automobile.tn/max/2026/09/129846_max.jpeg?t=1788296461,102911,https://www.automobile.tn/fr/occasion/hyundai/grand-i10/129846,47,38500,5 cv,Hyundai Grand i10,Traction,
2014,Manuelle,,Prix équitable,Diesel,Ariana,https://catalogue.automobile.tn/max/2026/09/129847_max.jpeg?t=1788296443,270000,https://www.automobile.tn/fr/occasion/land-rover/range-rover-evoque/129847,47,58000,8 cv,Land Rover Range Rover Evoque,Intégrale,
2022,Automatique,,Très bon prix,Essence,Sousse,https://catalogue.automobile.tn/max/2026/09/129849_max.jpeg?t=1788296426,43000,https://www.automobile.tn/fr/occasion/mercedes-benz/classe-e/129849,47,153000,9 cv,Mercedes-Benz Classe E,Propulsion,
2023,Automatique,,Prix équitable,Hybride,Sousse,https://catalogue.automobile.tn/max/2026/08/127833_max.jpeg?t=1788290233,12303,https://www.automobile.tn/fr/occasion/cupra/formentor/127833,47,108000,8 cv,Cupra Formentor,Traction,
2022,Automatique,,Prix équitable,Diesel,Ariana,https://catalogue.automobile.tn/max/2026/03/124771_max.jpeg?t=1784798813,62000,https://www.automobile.tn/fr/occasion/mitsubishi/l200-sportero/124771,47,135000,8 cv,Mitsubishi L200 Sportero,Intégrale,
2013,Manuelle,,Prix équitable,Essence,Tunis,https://catalogue.automobile.tn/max/2026/08/129821_max.jpeg?t=1788211973,241000,https://www.automobile.tn/fr/occasion/volkswagen/golf-7/129821,46,39000,5 cv,Volkswagen Golf 7,Traction,
2009,Automatique,,Aucune évaluation,Diesel,Tunis,https://catalogue.automobile.tn/max/2023/04/90178_max.jpeg?t=1782548071,203000,https://www.automobile.tn/fr/occasion/land-rover/freelander/90178,46,55000,11 cv,Land Rover Freelander,Intégrale,
2016,Manuelle,,Très bon prix,Essence,Ariana,https://catalogue.automobile.tn/max/2026/08/129369_max.jpeg?t=1788329760,158000,https://www.automobile.tn/fr/occasion/seat/ibiza/129369,46,30500,4 cv,Seat Ibiza,Traction,
2014,Manuelle,,Prix équitable,Essence,Sousse,https://catalogue.automobile.tn/max/2026/09/129852_max.jpeg?t=1788375430,199500,https://www.automobile.tn/fr/occasion/renault/clio/129852,46,32000,5 cv,Renault Clio,Traction,
2017,Manuelle,,Aucune évaluation,Essence,Bizerte,https://catalogue.automobile.tn/max/2026/09/129853_max.jpeg?t=1788375361,160000,https://www.automobile.tn/fr/occasion/mercedes-benz/cla/129853,46,66000,8 cv,Mercedes-Benz CLA,Propulsion,
2022,Automatique,,Bon prix,Essence,Tunis,https://catalogue.automobile.tn/max/2026/08/128922_max.jpeg?t=1788333106,85000,https://www.automobile.tn/fr/occasion/bmw/serie-2-gran-coupe/128922,46,100000,8 cv,BMW Série 2 Gran Coupé,Traction,
2011,Automatique,,Aucune évaluation,Essence,Ben Arous,https://catalogue.automobile.tn/max/2026/08/129165_max.jpeg?t=1788334601,140000,https://www.automobile.tn/fr/occasion/chevrolet/malibu/129165,46,25500,12 cv,Chevrolet Malibu,Traction,
2020,Automatique,,Bon prix,Essence,Sousse,https://catalogue.automobile.tn/max/2026/07/127947_max.jpeg?t=1788343566,115000,https://www.automobile.tn/fr/occasion/honda/accord/127947,46,105000,10 cv,Honda Accord,Traction,
2017,Manuelle,,Prix élevé,Essence,Ariana,https://catalogue.automobile.tn/max/2026/09/129196_max.jpeg?t=1788335546,162000,https://www.automobile.tn/fr/occasion/ds/3/129196,46,31500,5 cv,DS 3,Traction,
2019,Automatique,,Très bon prix,Essence,Tunis,https://catalogue.automobile.tn/max/2026/09/129854_max.jpeg?t=1788375358,74000,https://www.automobile.tn/fr/occasion/bmw/serie-1-5p/129854,46,75000,8 cv,BMW Série 1,Traction,
2020,Automatique,,Prix élevé,Essence,Tunis,https://catalogue.automobile.tn/max/2025/10/119033_max.jpeg?t=1775733078,132000,https://www.automobile.tn/fr/occasion/volkswagen/golf-7/119033,45,67000,6 cv,Volkswagen Golf 7,Traction,
2022,Automatique,,Prix équitable,Hybride,Bizerte,https://catalogue.automobile.tn/max/2026/08/128633_max.jpeg?t=1788338441,117213,https://www.automobile.tn/fr/occasion/hyundai/tucson/128633,45,114900,10 cv,Hyundai Tucson,Traction,
2013,Manuelle,,Prix équitable,Essence,Tunis,https://catalogue.automobile.tn/max/2025/11/120514_max.jpeg?t=1781822286,180000,https://www.automobile.tn/fr/occasion/bmw/serie-1-5p/120514,45,42000,7 cv,BMW Série 1,Propulsion,
2018,Automatique,,Prix équitable,Diesel,Tunis,https://catalogue.automobile.tn/max/2025/12/121251_max.jpeg?t=1778587619,170000,https://www.automobile.tn/fr/occasion/volkswagen/golf-7/121251,45,72000,6 cv,Volkswagen Golf 7,Traction,
2016,Automatique,,Prix équitable,Essence,Tunis,https://catalogue.automobile.tn/max/2025/11/120689_max.jpeg?t=1775732772,220000,https://www.automobile.tn/fr/occasion/audi/a4/120689,45,65000,8 cv,Audi A4,Traction,
2023,Automatique,,Bon prix,Essence,Tunis,https://catalogue.automobile.tn/max/2026/01/121848_max.jpeg?t=1786224077,74000,https://www.automobile.tn/fr/occasion/volkswagen/golf-8/121848,45,95000,8 cv,Volkswagen Golf 8,Traction,
2015,Automatique,,Prix équitable,Essence,Tunis,https://catalogue.automobile.tn/max/2026/02/123542_max.jpeg?t=1778874244,100000,https://www.automobile.tn/fr/occasion/bmw/serie-3/123542,45,69000,11 cv,BMW Série 3,Intégrale,
2022,Automatique,,Très bon prix,Hybride,Tunis,https://catalogue.automobile.tn/max/2026/02/123472_max.jpeg?t=1781784381,105000,https://www.automobile.tn/fr/occasion/mercedes-benz/classe-c/123472,45,145000,9 cv,Mercedes-Benz Classe C,Propulsion,
2022,Automatique,,Bon prix,Electrique,Ben Arous,https://catalogue.automobile.tn/max/2026/07/128588_max.jpeg?t=1786897434,48000,https://www.automobile.tn/fr/occasion/hyundai/kona-ev/128588,45,75000,6 cv,Hyundai Kona Electric,Intégrale,
2024,Manuelle,,Bon prix,Diesel,Bizerte,https://catalogue.automobile.tn/max/2026/09/129858_max.jpeg?t=1788344729,9300,https://www.automobile.tn/fr/occasion/renault/express-van/129858,44,46000,5 cv,Renault Express Van,Traction,
2024,Automatique,,Prix très élevé,Essence,Nabeul,https://catalogue.automobile.tn/max/2026/09/129855_max.jpeg?t=1788375353,32000,https://www.automobile.tn/fr/occasion/mg/rx5/129855,45,105500,10 cv,MG RX5,Traction,
2015,Manuelle,,Bon prix,Essence,Tunis,https://catalogue.automobile.tn/max/2026/08/128900_max.jpeg?t=1788370544,154000,https://www.automobile.tn/fr/occasion/audi/a3-sportback/128900,44,42000,5 cv,Audi A3 Sportback,Traction,
2021,Manuelle,,Prix équitable,Essence,Sidi Bouzid,https://catalogue.automobile.tn/max/2026/08/129771_max.jpeg?t=1788114917,86000,https://www.automobile.tn/fr/occasion/kia/rio/129771,44,53000,6 cv,KIA Rio Berline,Traction,
2022,Automatique,,Prix équitable,Essence,Sidi Bouzid,https://catalogue.automobile.tn/max/2026/08/129440_max.jpeg?t=1787080449,86000,https://www.automobile.tn/fr/occasion/great-wall/h6/129440,44,89000,8 cv,GWM Haval H6,Traction,
2022,Automatique,,Bon prix,Hybride,Tunis,https://catalogue.automobile.tn/max/2026/06/127018_max.jpeg?t=1788344056,54000,https://www.automobile.tn/fr/occasion/mg/ehs/127018,44,85000,8 cv,MG e-HS,Traction,
2025,Manuelle,,Prix élevé,Essence,Tunis,https://catalogue.automobile.tn/max/2026/02/123796_max.jpeg?t=1778587553,8000,https://www.automobile.tn/fr/occasion/dfsk/glory-500/123796,44,65000,7 cv,DFSK Glory 500,Traction,
2021,Automatique,,Prix équitable,Essence,Tunis,https://catalogue.automobile.tn/max/2026/02/123945_max.jpeg?t=1775485048,84000,https://www.automobile.tn/fr/occasion/toyota/corolla-5p/123945,44,65000,6 cv,Toyota Corolla,Traction,
2013,Automatique,,Très bon prix,Diesel,Tunis,https://catalogue.automobile.tn/max/2026/04/125944_max.jpeg?t=1777415132,70000,https://www.automobile.tn/fr/occasion/land-rover/range-rover-sport/125944,44,118000,15 cv,Land Rover Range Rover Sport,Intégrale,
2016,Automatique,,Prix équitable,Essence,Tunis,https://catalogue.automobile.tn/max/2026/04/125252_max.jpeg?t=1785087365,107000,https://www.automobile.tn/fr/occasion/jaguar/xf/125252,44,82000,15 cv,Jaguar XF,Propulsion,
2020,Automatique,,Prix équitable,Essence,Ben Arous,https://catalogue.automobile.tn/max/2026/07/128301_max.jpeg?t=1784024510,138000,https://www.automobile.tn/fr/occasion/hyundai/grand-i10/128301,44,42000,5 cv,Hyundai Grand i10,Traction,
2013,Manuelle,,Prix élevé,Essence,Tunis,https://catalogue.automobile.tn/max/2026/09/129861_max.jpeg?t=1788375291,200000,https://www.automobile.tn/fr/occasion/audi/a4/129861,43,42500,7 cv,Audi A4,Traction,
2021,Automatique,,Prix très élevé,Essence,Ariana,https://catalogue.automobile.tn/max/2026/09/129862_max.jpeg?t=1788351502,200000,https://www.automobile.tn/fr/occasion/ford/kuga/129862,43,75000,11 cv,Ford Kuga,Intégrale,
2010,Automatique,,Bon prix,Essence,Ariana,https://catalogue.automobile.tn/max/2026/09/129863_max.jpeg?t=1788422913,145000,https://www.automobile.tn/fr/occasion/mercedes-benz/classe-c/129863,43,47000,9 cv,Mercedes-Benz Classe C,Traction,
2013,Manuelle,,Très bon prix,Essence,Ariana,https://catalogue.automobile.tn/max/2026/09/129864_max.jpeg?t=1788351511,145000,https://www.automobile.tn/fr/occasion/bmw/serie-3/129864,43,48000,7 cv,BMW Série 3,Propulsion,
2021,Manuelle,,Prix équitable,Essence,Ariana,https://catalogue.automobile.tn/max/2026/08/129822_max.jpeg?t=1788348138,100000,https://www.automobile.tn/fr/occasion/mahindra/kuv-100/129822,43,28500,5 cv,Mahindra KUV 100,Traction,
2022,Automatique,,Bon prix,Essence,Sousse,https://catalogue.automobile.tn/max/2026/07/128151_max.jpeg?t=1785850730,72000,https://www.automobile.tn/fr/occasion/great-wall/h6/128151,43,82000,8 cv,GWM Haval H6,Traction,
2020,Automatique,,Aucune évaluation,Diesel,Kébili,https://catalogue.automobile.tn/max/2026/09/129865_max.jpeg?t=1788351955,94000,https://www.automobile.tn/fr/occasion/mercedes-benz/glc-coupe/129865,43,165000,11 cv,Mercedes-Benz GLC Coupé,Intégrale,
2019,Automatique,,Aucune évaluation,Essence,Ben Arous,https://catalogue.automobile.tn/max/2025/05/81461_max.jpeg?t=1767885621,47000,https://www.automobile.tn/fr/occasion/bmw/serie-5/81461,43,180000,10 cv,BMW Série 5,Propulsion,
2013,Manuelle,,Prix équitable,Diesel,Ben Arous,https://catalogue.automobile.tn/max/2022/10/84060_max.jpeg?t=1769935168,353000,https://www.automobile.tn/fr/occasion/mahindra/scorpio-suv/84060,43,29500,8 cv,Mahindra Scorpio SUV,Intégrale,
2024,Automatique,,Prix très élevé,Hybride,Tunis,https://catalogue.automobile.tn/max/2026/08/129315_max.jpeg?t=1788350601,43000,https://www.automobile.tn/fr/occasion/mercedes-benz/classe-c/129315,43,233000,9 cv,Mercedes-Benz Classe C,Propulsion,
2018,Automatique,,Prix équitable,Essence,Ben Arous,https://catalogue.automobile.tn/max/2024/04/101641_max.jpeg?t=1769430563,48000,https://www.automobile.tn/fr/occasion/mercedes-benz/cla/101641,42,99000,7 cv,Mercedes-Benz CLA,Traction,
2018,Automatique,,Prix élevé,Essence,Ben Arous,https://catalogue.automobile.tn/max/2024/08/105519_max.jpeg?t=1762687190,177000,https://www.automobile.tn/fr/occasion/bmw/serie-3/105519,42,78000,7 cv,BMW Série 3,Traction,
2013,Automatique,,Prix élevé,Essence,Ben Arous,https://catalogue.automobile.tn/max/2024/08/105377_max.jpeg?t=1762691774,179000,https://www.automobile.tn/fr/occasion/bmw/serie-5/105377,42,79500,10 cv,BMW Série 5,Traction,
1996,Manuelle,,Aucune évaluation,Diesel,Tunis,https://catalogue.automobile.tn/max/2024/10/105863_max.jpeg?t=1762862073,506000,https://www.automobile.tn/fr/occasion/toyota/land-cruiser/105863,42,67000,17 cv,Toyota Land Cruiser,Traction,
2021,Automatique,,Prix élevé,Essence,Ben Arous,https://catalogue.automobile.tn/max/2024/10/107403_max.jpeg?t=1762855883,122000,https://www.automobile.tn/fr/occasion/audi/q3-sportback/107403,42,135000,9 cv,Audi Q3 Sportback,Traction,
2007,Automatique,,Très bon prix,Diesel,Ben Arous,https://catalogue.automobile.tn/max/2024/09/106013_max.jpeg?t=1770552347,295000,https://www.automobile.tn/fr/occasion/bmw/x5/106013,42,47000,16 cv,BMW X5,Traction,
2007,Automatique,,Aucune évaluation,Essence,Ben Arous,https://catalogue.automobile.tn/max/2024/10/107606_max.jpeg?t=1765184005,112000,https://www.automobile.tn/fr/occasion/mercedes-benz/classe-s/107606,42,62000,19 cv,Mercedes-Benz Classe S,Traction,
2018,Manuelle,,Aucune évaluation,Essence,Ben Arous,https://catalogue.automobile.tn/max/2024/11/108093_max.jpeg?t=1762854500,72000,https://www.automobile.tn/fr/occasion/volkswagen/golf-plus/108093,42,79000,6 cv,Volkswagen Golf Plus,Traction,
2014,Manuelle,,Aucune évaluation,Diesel,Ben Arous,https://catalogue.automobile.tn/max/2024/11/108089_max.jpeg?t=1760960632,115000,https://www.automobile.tn/fr/occasion/land-rover/defender/108089,42,200000,8 cv,Land Rover Defender 110,Traction,
2020,Automatique,,Prix élevé,Essence,Ben Arous,https://catalogue.automobile.tn/max/2025/01/109986_max.jpeg?t=1762686748,83000,https://www.automobile.tn/fr/occasion/kia/sportage/109986,42,98000,11 cv,KIA Sportage,Intégrale,
2020,Automatique,,Aucune évaluation,Diesel,Ben Arous,https://catalogue.automobile.tn/max/2025/03/111943_max.jpeg?t=1764573585,97000,https://www.automobile.tn/fr/occasion/land-rover/defender/111943,41,295000,12 cv,Land Rover Defender 110,Traction,
2007,Automatique,,Aucune évaluation,Essence,Ben Arous,https://catalogue.automobile.tn/max/2025/04/113125_max.jpeg?t=1762857573,96000,https://www.automobile.tn/fr/occasion/hummer/h3/113125,41,100000,19 cv,Hummer H3,Intégrale,
2014,Automatique,,Prix équitable,Essence,Ben Arous,https://catalogue.automobile.tn/max/2025/05/114129_max.jpeg?t=1762685414,178000,https://www.automobile.tn/fr/occasion/bmw/serie-4-coupe/114129,41,73000,10 cv,BMW Série 4 Coupé,Propulsion,
2018,Manuelle,,Prix très élevé,Essence,Ariana,https://catalogue.automobile.tn/max/2025/04/113627_max.jpeg?t=1762685602,112000,https://www.automobile.tn/fr/occasion/bmw/serie-1-5p/113627,41,72000,7 cv,BMW Série 1,Traction,
2021,Automatique,,Prix très élevé,Essence,Ben Arous,https://catalogue.automobile.tn/max/2025/05/114134_max.jpeg?t=1762685262,190000,https://www.automobile.tn/fr/occasion/volkswagen/passat/114134,41,89000,8 cv,Volkswagen Passat,Traction,
2020,Manuelle,,Prix très élevé,Diesel,Ben Arous,https://catalogue.automobile.tn/max/2025/05/114359_max.jpeg?t=1762852781,195000,https://www.automobile.tn/fr/occasion/peugeot/rifter/114359,41,82000,5 cv,Peugeot Rifter,Traction,
2023,Automatique,,Prix très élevé,Essence,Ben Arous,https://catalogue.automobile.tn/max/2025/05/114440_max.jpeg?t=1760115570,37000,https://www.automobile.tn/fr/occasion/jeep/compass/114440,41,145000,8 cv,Jeep Compass,Traction,
2021,Manuelle,,Prix équitable,Hybride,Ben Arous,https://catalogue.automobile.tn/max/2025/06/115045_max.jpeg?t=1762852383,91000,https://www.automobile.tn/fr/occasion/kia/stonic/115045,41,69000,6 cv,KIA Stonic,Traction,
2017,Automatique,,Prix très élevé,Essence,Ben Arous,https://catalogue.automobile.tn/max/2025/06/114972_max.jpeg?t=1761126771,158000,https://www.automobile.tn/fr/occasion/hyundai/veloster/114972,41,42000,8 cv,Hyundai Veloster,Traction,
2014,Manuelle,,Aucune évaluation,Essence,Ben Arous,https://catalogue.automobile.tn/max/2025/06/115103_max.jpeg?t=1776852725,97000,https://www.automobile.tn/fr/occasion/toyota/prado/115103,41,178000,11 cv,Toyota Prado,Traction,
2023,Automatique,,Aucune évaluation,Electrique,Ben Arous,https://catalogue.automobile.tn/max/2025/07/116194_max.jpeg?t=1762854197,9000,https://www.automobile.tn/fr/occasion/mercedes-benz/eqb/116194,40,185000,8 cv,Mercedes-Benz EQB,Traction,
2013,Automatique,,Aucune évaluation,Diesel,Ben Arous,https://catalogue.automobile.tn/max/2025/07/116117_max.jpeg?t=1762695355,220000,https://www.automobile.tn/fr/occasion/volkswagen/tiguan/116117,40,64000,9 cv,Volkswagen Tiguan,Intégrale,
2020,Manuelle,,Prix équitable,Essence,Ben Arous,https://catalogue.automobile.tn/max/2025/08/116751_max.jpeg?t=1761225904,105000,https://www.automobile.tn/fr/occasion/jeep/renegade/116751,40,70000,8 cv,Jeep Renegade,Traction,
2019,Automatique,,Prix très élevé,Electrique,Ben Arous,https://catalogue.automobile.tn/max/2025/08/116779_max.jpeg?t=1762683019,55000,https://www.automobile.tn/fr/occasion/audi/e-tron/116779,40,170000,12 cv,Audi E-tron,Intégrale,
2020,Automatique,,Prix équitable,Essence,Ben Arous,https://catalogue.automobile.tn/max/2026/05/116753_max.jpeg?t=1780492257,55000,https://www.automobile.tn/fr/occasion/mercedes-benz/classe-c/116753,40,139000,8 cv,Mercedes-Benz Classe C,Propulsion,
2021,Manuelle,,Aucune évaluation,Diesel,Ben Arous,https://catalogue.automobile.tn/max/2025/08/116783_max.jpeg?t=1775057733,133000,https://www.automobile.tn/fr/occasion/peugeot/boxer/116783,40,70000,7 cv,Peugeot Boxer,Traction,
2022,Automatique,,Prix élevé,Electrique,Ben Arous,https://catalogue.automobile.tn/max/2025/08/116867_max.jpeg?t=1762854096,51000,https://www.automobile.tn/fr/occasion/mercedes-benz/eqs-berline/116867,40,350000,8 cv,Mercedes-Benz EQS Berline,Propulsion,
2014,Automatique,,Prix équitable,Essence,Ben Arous,https://catalogue.automobile.tn/max/2026/07/116866_max.jpeg?t=1784219373,300000,https://www.automobile.tn/fr/occasion/mazda/cx-5/116866,40,45000,9 cv,Mazda CX-5,Intégrale,
2008,Automatique,,Bon prix,Diesel,Ben Arous,https://catalogue.automobile.tn/max/2025/08/116932_max.jpeg?t=1762853955,370000,https://www.automobile.tn/fr/occasion/audi/q5/116932,40,60000,15 cv,Audi Q5,Intégrale,
2020,Automatique,,Aucune évaluation,Electrique,Ben Arous,https://catalogue.automobile.tn/max/2025/08/116935_max.jpeg?t=1762853823,32000,https://www.automobile.tn/fr/occasion/audi/e-tron-sportback/116935,40,159000,12 cv,Audi E-tron Sportback,Intégrale,
2008,Automatique,,Prix élevé,Essence,Ariana,https://catalogue.automobile.tn/max/2025/09/118159_max.jpeg?t=1760521063,230000,https://www.automobile.tn/fr/occasion/porsche/cayenne/118159,39,65500,21 cv,Porsche Cayenne,Traction,
2020,Automatique,,Prix équitable,Essence,Ben Arous,https://catalogue.automobile.tn/max/2025/09/118629_max.jpeg?t=1759151739,116000,https://www.automobile.tn/fr/occasion/mercedes-benz/classe-c/118629,39,129000,9 cv,Mercedes-Benz Classe C,Propulsion,
2021,Automatique,,Prix très élevé,Hybride,Ariana,https://catalogue.automobile.tn/max/2025/09/118222_max.jpeg?t=1762858059,29000,https://www.automobile.tn/fr/occasion/land-rover/range-rover-evoque/118222,39,205000,7 cv,Land Rover Range Rover Evoque,Traction,
2022,Automatique,,Prix très élevé,Hybride,Ben Arous,https://catalogue.automobile.tn/max/2025/10/118721_max.jpeg?t=1759316070,91000,https://www.automobile.tn/fr/occasion/mercedes-benz/classe-c/118721,39,188000,9 cv,Mercedes-Benz Classe C,Propulsion,
2014,Manuelle,,Aucune évaluation,Essence,Ariana,https://catalogue.automobile.tn/max/2025/10/118876_max.jpeg?t=1774885052,165000,https://www.automobile.tn/fr/occasion/peugeot/4008/118876,39,39900,9 cv,Peugeot 4008,Intégrale,
2022,Automatique,,Prix équitable,Essence,Ben Arous,https://catalogue.automobile.tn/max/2025/10/119177_max.jpeg?t=1761515555,78000,https://www.automobile.tn/fr/occasion/ford/kuga/119177,39,90000,10 cv,Ford Kuga,Traction,
2023,Automatique,,Prix équitable,Essence,Ben Arous,https://catalogue.automobile.tn/max/2025/10/119279_max.jpeg?t=1760550144,24000,https://www.automobile.tn/fr/occasion/suzuki/jimny/119279,39,95000,6 cv,Suzuki Jimny 3 portes,Intégrale,
2009,Manuelle,,Prix équitable,Essence,Ben Arous,https://catalogue.automobile.tn/max/2025/10/119273_max.jpeg?t=1760547986,193000,https://www.automobile.tn/fr/occasion/mercedes-benz/classe-c/119273,39,45000,9 cv,Mercedes-Benz Classe C,Traction,
2017,Automatique,,Très bon prix,Essence,Ben Arous,https://catalogue.automobile.tn/max/2025/10/119476_max.jpeg?t=1761054119,87000,https://www.automobile.tn/fr/occasion/mercedes-benz/gle-coupe/119476,39,260000,23 cv,Mercedes-Benz GLE Coupé,Intégrale,
2024,Automatique,,Prix élevé,Hybride,Ben Arous,https://catalogue.automobile.tn/max/2025/11/120100_max.jpeg?t=1784538536,11000,https://www.automobile.tn/fr/occasion/mercedes-benz/classe-c/120100,38,225000,9 cv,Mercedes-Benz Classe C,Propulsion,
2013,Automatique,,Prix équitable,Essence,Ben Arous,https://catalogue.automobile.tn/max/2025/10/119638_max.jpeg?t=1771408543,221000,https://www.automobile.tn/fr/occasion/mercedes-benz/classe-c/119638,39,64000,11 cv,Mercedes-Benz Classe C,Traction,
2023,Manuelle,,Très bon prix,Essence,Ben Arous,https://catalogue.automobile.tn/max/2025/11/120448_max.jpeg?t=1770064819,67000,https://www.automobile.tn/fr/occasion/wallyscar/719/120448,38,31000,7 cv,Wallyscar 719,Traction,
2017,Automatique,,Aucune évaluation,Diesel,Ben Arous,https://catalogue.automobile.tn/max/2025/11/120716_max.jpeg?t=1763985611,38000,https://www.automobile.tn/fr/occasion/isuzu/mu-x/120716,38,145000,8 cv,Isuzu Mu-x,Intégrale,
2010,Automatique,,Aucune évaluation,Essence,Ben Arous,https://catalogue.automobile.tn/max/2025/11/120455_max.jpeg?t=1763381376,211000,https://www.automobile.tn/fr/occasion/bmw/x5/120455,38,75000,19 cv,BMW X5,Intégrale,
2022,Manuelle,,Aucune évaluation,Diesel,Ben Arous,https://catalogue.automobile.tn/max/2025/12/121252_max.jpeg?t=1765378556,158000,https://www.automobile.tn/fr/occasion/citroen/jumper/121252,38,69900,7 cv,Citroën Jumper,Traction,
2017,Manuelle,,Aucune évaluation,Essence,Ben Arous,https://catalogue.automobile.tn/max/2025/12/121412_max.jpeg?t=1774447411,152000,https://www.automobile.tn/fr/occasion/dacia/sandero/121412,38,23500,4 cv,Dacia Sandero,Traction,
2012,Manuelle,,Prix équitable,Diesel,Ariana,https://catalogue.automobile.tn/max/2025/12/121406_max.jpeg?t=1781177559,294000,https://www.automobile.tn/fr/occasion/bmw/serie-1-5p/121406,38,42900,6 cv,BMW Série 1,Propulsion,
2020,Automatique,,Prix élevé,Essence,Ben Arous,https://catalogue.automobile.tn/max/2025/12/121725_max.jpeg?t=1776159930,155000,https://www.automobile.tn/fr/occasion/volkswagen/golf-7/121725,38,79900,6 cv,Volkswagen Golf 7,Traction,
2018,Automatique,,Aucune évaluation,Diesel,Ben Arous,https://catalogue.automobile.tn/max/2026/01/122173_max.jpeg?t=1768036817,198000,https://www.automobile.tn/fr/occasion/audi/a3/122173,38,80000,6 cv,Audi A3,Traction,
2016,Manuelle,,Bon prix,Essence,Ben Arous,https://catalogue.automobile.tn/max/2026/02/121951_max.jpeg?t=1772107808,225000,https://www.automobile.tn/fr/occasion/ford/fusion/121951,38,36000,9 cv,Ford Fusion,Traction,
2014,Automatique,,Bon prix,Essence,Ben Arous,https://catalogue.automobile.tn/max/2026/02/123635_max.jpeg?t=1773325234,258000,https://www.automobile.tn/fr/occasion/mercedes-benz/classe-c/123635,37,65000,9 cv,Mercedes-Benz Classe C,Propulsion,
2015,Automatique,,Prix équitable,Diesel,Ben Arous,https://catalogue.automobile.tn/max/2026/02/123821_max.jpeg?t=1781780890,194000,https://www.automobile.tn/fr/occasion/bmw/x5/123821,37,109000,15 cv,BMW X5,Intégrale,
2011,Manuelle,,Prix élevé,Essence,Ben Arous,https://catalogue.automobile.tn/max/2026/02/123815_max.jpeg?t=1771934531,269000,https://www.automobile.tn/fr/occasion/volkswagen/passat/123815,37,42500,7 cv,Volkswagen Passat,Traction,
2012,Manuelle,,Prix élevé,Essence,Ben Arous,https://catalogue.automobile.tn/max/2026/02/123891_max.jpeg?t=1772105614,233000,https://www.automobile.tn/fr/occasion/peugeot/308/123891,37,27000,6 cv,Peugeot 308,Traction,
2017,Manuelle,,Très bon prix,Diesel,Ben Arous,https://catalogue.automobile.tn/max/2026/03/124220_max.jpeg?t=1772964190,112000,https://www.automobile.tn/fr/occasion/jaguar/f-pace/124220,37,115000,10 cv,Jaguar F-Pace,Propulsion,
2023,Manuelle,,Aucune évaluation,Hybride,Ben Arous,https://catalogue.automobile.tn/max/2026/03/124667_max.jpeg?t=1779447095,92000,https://www.automobile.tn/fr/occasion/kia/sportage/124667,37,125000,7 cv,KIA Sportage,Traction,
2025,Automatique,,Aucune évaluation,Electrique,Ben Arous,https://catalogue.automobile.tn/max/2026/05/124788_max.jpeg?t=1778415586,0,https://www.automobile.tn/fr/occasion/volkswagen/id.4/124788,37,125000,5 cv,Volkswagen ID.4,Intégrale,
2022,Automatique,,Très bon prix,Essence,Ben Arous,https://catalogue.automobile.tn/max/2026/03/124784_max.jpeg?t=1774639578,70000,https://www.automobile.tn/fr/occasion/ford/kuga/124784,37,73500,8 cv,Ford Kuga,Traction,
2024,Automatique,,Prix très élevé,Electrique,Ariana,https://catalogue.automobile.tn/max/2026/03/124876_max.jpeg?t=1774880781,27000,https://www.automobile.tn/fr/occasion/byd/tang-ev/124876,37,209500,9 cv,BYD Tang EV,Intégrale,
2009,Automatique,,Bon prix,Essence,Ben Arous,https://catalogue.automobile.tn/max/2026/04/124946_max.jpeg?t=1780578784,144000,https://www.automobile.tn/fr/occasion/audi/q5/124946,37,49500,13 cv,Audi Q5,Intégrale,
2017,Automatique,,Très bon prix,Essence,Ben Arous,https://catalogue.automobile.tn/max/2026/04/125049_max.jpeg?t=1777122739,111000,https://www.automobile.tn/fr/occasion/mercedes-benz/cla/125049,36,77000,12 cv,Mercedes-Benz CLA,Intégrale,
2022,Manuelle,,Bon prix,Diesel,Ben Arous,https://catalogue.automobile.tn/max/2026/04/125133_max.jpeg?t=1775495357,111000,https://www.automobile.tn/fr/occasion/peugeot/landtrek-double-cabine/125133,36,64000,6 cv,Peugeot Landtrek Double Cabine,Intégrale,
2022,Manuelle,,Prix équitable,Essence,Ben Arous,https://catalogue.automobile.tn/max/2026/04/125050_max.jpeg?t=1775233569,83000,https://www.automobile.tn/fr/occasion/volkswagen/golf-8/125050,36,77000,6 cv,Volkswagen Golf 8,Traction,
2024,Automatique,,Prix élevé,Essence,Ben Arous,https://catalogue.automobile.tn/max/2026/04/125178_max.jpeg?t=1775564784,9000,https://www.automobile.tn/fr/occasion/great-wall/jolion/125178,36,92000,9 cv,GWM Haval Jolion,Traction,
2021,Automatique,,Prix équitable,Essence,Ben Arous,https://catalogue.automobile.tn/max/2026/04/125220_max.jpeg?t=1775643939,154000,https://www.automobile.tn/fr/occasion/mg/hs/125220,36,61900,10 cv,MG HS,Traction,
2022,Automatique,,Aucune évaluation,Diesel,Ben Arous,https://catalogue.automobile.tn/max/2026/04/125221_max.jpeg?t=1775651182,102000,https://www.automobile.tn/fr/occasion/kia/xceed/125221,36,80000,7 cv,KIA XCeed,Traction,
2021,Automatique,,Prix équitable,Essence,Ben Arous,https://catalogue.automobile.tn/max/2026/04/125335_max.jpeg?t=1775917541,121000,https://www.automobile.tn/fr/occasion/audi/a5-sportback/125335,36,120000,8 cv,Audi A5 Sportback,Traction,
2017,Automatique,,Très bon prix,Diesel,Ariana,https://catalogue.automobile.tn/max/2026/04/125261_max.jpeg?t=1787910627,128000,https://www.automobile.tn/fr/occasion/mercedes-benz/glc-coupe/125261,36,126900,9 cv,Mercedes-Benz GLC Coupé,Intégrale,
2015,Manuelle,,Aucune évaluation,Diesel,Ariana,https://catalogue.automobile.tn/max/2026/04/125882_max.jpeg?t=1777736857,169000,https://www.automobile.tn/fr/occasion/jeep/renegade/125882,36,49900,6 cv,Jeep Renegade,Traction,
2013,Manuelle,,Prix équitable,Essence,Ariana,https://catalogue.automobile.tn/max/2026/05/126297_max.jpeg?t=1779698470,194000,https://www.automobile.tn/fr/occasion/bmw/serie-1-3p/126297,35,39900,7 cv,BMW Série 1 3p,Propulsion,
2023,Manuelle,,Prix équitable,Essence,Ben Arous,https://catalogue.automobile.tn/max/2026/05/126443_max.jpeg?t=1778721943,37000,https://www.automobile.tn/fr/occasion/mahindra/kuv-100/126443,35,35000,5 cv,Mahindra KUV 100,Traction,
2020,Automatique,,Prix équitable,Essence,Ben Arous,https://catalogue.automobile.tn/max/2026/05/126029_max.jpeg?t=1777652795,137000,https://www.automobile.tn/fr/occasion/hyundai/grand-i10/126029,36,41000,5 cv,Hyundai Grand i10,Traction,
2020,Automatique,,Prix équitable,Hybride,Ben Arous,https://catalogue.automobile.tn/max/2026/05/126446_max.jpeg?t=1778696823,55000,https://www.automobile.tn/fr/occasion/mercedes-benz/classe-e/126446,35,177000,12 cv,Mercedes-Benz Classe E,Intégrale,
2017,Manuelle,,Prix équitable,Essence,Ariana,https://catalogue.automobile.tn/max/2026/05/126469_max.jpeg?t=1779697708,154000,https://www.automobile.tn/fr/occasion/citroen/c3/126469,35,31500,4 cv,Citroën C3,Traction,
2019,Automatique,,Aucune évaluation,Hybride,Ariana,https://catalogue.automobile.tn/max/2026/05/126464_max.jpeg?t=1783347957,71000,https://www.automobile.tn/fr/occasion/land-rover/range-rover-evoque/126464,35,125000,9 cv,Land Rover Range Rover Evoque,Intégrale,
2020,Manuelle,,Aucune évaluation,Diesel,Ben Arous,https://catalogue.automobile.tn/max/2026/05/126675_max.jpeg?t=1779294378,248000,https://www.automobile.tn/fr/occasion/mahindra/pick-up-sc/126675,35,45000,7 cv,Mahindra Pick-up SC,Propulsion,
2016,Manuelle,,Prix équitable,Essence,Ben Arous,https://catalogue.automobile.tn/max/2026/05/126756_max.jpeg?t=1779467137,127000,https://www.automobile.tn/fr/occasion/peugeot/208/126756,35,29900,5 cv,Peugeot 208,Traction,
2021,Automatique,,Très bon prix,Essence,Ariana,https://catalogue.automobile.tn/max/2026/05/126753_max.jpeg?t=1787909341,113000,https://www.automobile.tn/fr/occasion/audi/q3-sportback/126753,35,109000,9 cv,Audi Q3 Sportback,Traction,
2021,Manuelle,,Aucune évaluation,Diesel,Ben Arous,https://catalogue.automobile.tn/max/2026/05/126853_max.jpeg?t=1779953818,40000,https://www.automobile.tn/fr/occasion/toyota/land-cruiser-76/126853,35,200000,11 cv,Toyota Land Cruiser 76,Intégrale,
2020,Automatique,,Aucune évaluation,Hybride,Ben Arous,https://catalogue.automobile.tn/max/2026/06/127070_max.jpeg?t=1780597602,127000,https://www.automobile.tn/fr/occasion/hyundai/tucson/127070,34,78000,7 cv,Hyundai Tucson,Traction,
2017,Manuelle,,Très bon prix,Essence,Ariana,https://catalogue.automobile.tn/max/2026/05/126903_max.jpeg?t=1783931245,112000,https://www.automobile.tn/fr/occasion/peugeot/208/126903,35,27500,5 cv,Peugeot 208,Traction,
2022,Automatique,,Bon prix,Essence,Ben Arous,https://catalogue.automobile.tn/max/2026/06/127073_max.jpeg?t=1780583133,77000,https://www.automobile.tn/fr/occasion/kia/rio-5p/127073,34,59500,6 cv,KIA Rio 5p,Traction,
2011,Manuelle,,Aucune évaluation,Essence,Ben Arous,https://catalogue.automobile.tn/max/2026/06/127286_max.jpeg?t=1781173570,309000,https://www.automobile.tn/fr/occasion/ford/focus/127286,34,27000,6 cv,Ford Focus,Traction,
2024,Manuelle,,Prix très élevé,Essence,Ben Arous,https://catalogue.automobile.tn/max/2026/06/127285_max.jpeg?t=1781173609,54000,https://www.automobile.tn/fr/occasion/volkswagen/caddy-combi/127285,34,89000,6 cv,Volkswagen Caddy Combi,Traction,
2023,Automatique,,Prix très élevé,Hybride,Ariana,https://catalogue.automobile.tn/max/2026/06/127297_max.jpeg?t=1781517289,84000,https://www.automobile.tn/fr/occasion/honda/cr-v/127297,34,129000,7 cv,Honda CR-V,Traction,
2024,Automatique,,Aucune évaluation,Essence,Ben Arous,https://catalogue.automobile.tn/max/2026/06/127439_max.jpeg?t=1781641585,45000,https://www.automobile.tn/fr/occasion/mg/one/127439,34,109300,10 cv,MG One,Traction,
2008,Automatique,,Prix très élevé,Diesel,Ben Arous,https://catalogue.automobile.tn/max/2026/06/127443_max.jpeg?t=1781612740,452000,https://www.automobile.tn/fr/occasion/mercedes-benz/classe-c/127443,34,43000,10 cv,Mercedes-Benz Classe C,Propulsion,
2021,Automatique,,Très bon prix,Essence,Ben Arous,https://catalogue.automobile.tn/max/2026/06/127701_max.jpeg?t=1782303973,80000,https://www.automobile.tn/fr/occasion/ford/fusion/127701,34,58500,9 cv,Ford Fusion,Traction,
2017,Manuelle,,Prix équitable,Essence,Ben Arous,https://catalogue.automobile.tn/max/2026/06/127452_max.jpeg?t=1781623605,130000,https://www.automobile.tn/fr/occasion/peugeot/2008/127452,34,39500,5 cv,Peugeot 2008,Traction,
2024,Manuelle,,Prix équitable,Diesel,Ben Arous,https://catalogue.automobile.tn/max/2026/06/127702_max.jpeg?t=1782303938,70000,https://www.automobile.tn/fr/occasion/fiat/fiorino/127702,34,41500,5 cv,Fiat Fiorino,Traction,
2019,Manuelle,,Prix équitable,Essence,Ben Arous,https://catalogue.automobile.tn/max/2026/07/127986_max.jpeg?t=1785597368,210000,https://www.automobile.tn/fr/occasion/renault/megane-sedan/127986,33,39900,7 cv,Renault Megane Sedan,Traction,
2023,Manuelle,,Prix équitable,Diesel,Ben Arous,https://catalogue.automobile.tn/max/2026/06/127894_max.jpeg?t=1782840401,101000,https://www.automobile.tn/fr/occasion/fiat/fiorino/127894,33,39000,5 cv,Fiat Fiorino,Traction,
2013,Automatique,,Prix élevé,Essence,Ariana,https://catalogue.automobile.tn/max/2026/07/127988_max.jpeg?t=1783088763,217000,https://www.automobile.tn/fr/occasion/bmw/serie-1-5p/127988,33,49500,7 cv,BMW Série 1,Propulsion,
2019,Manuelle,,Prix équitable,Essence,Ben Arous,https://catalogue.automobile.tn/max/2026/07/128074_max.jpeg?t=1783351533,116000,https://www.automobile.tn/fr/occasion/peugeot/208/128074,33,29500,4 cv,Peugeot 208,Traction,
2022,Automatique,,Prix équitable,Essence,Ben Arous,https://catalogue.automobile.tn/max/2026/07/128073_max.jpeg?t=1783351563,86000,https://www.automobile.tn/fr/occasion/great-wall/jolion/128073,33,74500,9 cv,GWM Haval Jolion,Traction,
2022,Automatique,,Très bon prix,Hybride,Ben Arous,https://catalogue.automobile.tn/max/2026/07/128170_max.jpeg?t=1783603536,89000,https://www.automobile.tn/fr/occasion/mercedes-benz/cla/128170,33,119000,8 cv,Mercedes-Benz CLA,Traction,
2015,Manuelle,,Prix très élevé,Essence,Ben Arous,https://catalogue.automobile.tn/max/2026/07/128194_max.jpeg?t=1785407711,237000,https://www.automobile.tn/fr/occasion/volkswagen/golf-7/128194,33,63000,5 cv,Volkswagen Golf 7,Traction,
2020,Manuelle,,Aucune évaluation,Essence,Ariana,https://catalogue.automobile.tn/max/2026/07/128366_max.jpeg?t=1784129164,119000,https://www.automobile.tn/fr/occasion/fiat/500x/128366,33,54900,6 cv,Fiat 500X,Traction,
2020,Automatique,,Très bon prix,Essence,Ben Arous,https://catalogue.automobile.tn/max/2026/07/128376_max.jpeg?t=1784201433,93000,https://www.automobile.tn/fr/occasion/mercedes-benz/classe-c/128376,33,108000,7 cv,Mercedes-Benz Classe C,Propulsion,
2012,Manuelle,,Aucune évaluation,Essence,Ben Arous,https://catalogue.automobile.tn/max/2026/07/128393_max.jpeg?t=1786977026,189000,https://www.automobile.tn/fr/occasion/mitsubishi/asx/128393,33,37500,9 cv,Mitsubishi ASX,Traction,
2020,Manuelle,,Prix équitable,Essence,Ben Arous,https://catalogue.automobile.tn/max/2026/07/128483_max.jpeg?t=1784557597,110000,https://www.automobile.tn/fr/occasion/kia/rio-5p/128483,32,50000,5 cv,KIA Rio 5p,Traction,
2018,Automatique,,Bon prix,Essence,Ariana,https://catalogue.automobile.tn/max/2026/07/128515_max.jpeg?t=1785947640,200000,https://www.automobile.tn/fr/occasion/toyota/c-hr/128515,32,53500,6 cv,Toyota C-HR,Traction,
2019,Automatique,,Très bon prix,Essence,Ariana,https://catalogue.automobile.tn/max/2026/07/128518_max.jpeg?t=1784665549,146000,https://www.automobile.tn/fr/occasion/bmw/serie-4-coupe/128518,32,78900,7 cv,BMW Série 4 Coupé,Propulsion,
2024,Automatique,,Prix très élevé,Essence,Ben Arous,https://catalogue.automobile.tn/max/2026/07/128552_max.jpeg?t=1784852765,111000,https://www.automobile.tn/fr/occasion/geely/gx3-pro/128552,32,53000,5 cv,Geely GX3 Pro,Traction,
2009,Automatique,,Prix équitable,Essence,Ben Arous,https://catalogue.automobile.tn/max/2026/07/128555_max.jpeg?t=1784841972,361000,https://www.automobile.tn/fr/occasion/mercedes-benz/classe-c/128555,32,38000,9 cv,Mercedes-Benz Classe C,Propulsion,
2022,Manuelle,,Prix équitable,Essence,Ariana,https://catalogue.automobile.tn/max/2026/07/128556_max.jpeg?t=1784809582,103000,https://www.automobile.tn/fr/occasion/suzuki/swift/128556,32,41500,5 cv,Suzuki Swift,Traction,
2022,Manuelle,,Bon prix,Essence,Ariana,https://catalogue.automobile.tn/max/2026/07/128559_max.jpeg?t=1784838408,68000,https://www.automobile.tn/fr/occasion/peugeot/208/128559,32,38900,5 cv,Peugeot 208,Traction,
2011,Manuelle,,Aucune évaluation,Essence,Ben Arous,https://catalogue.automobile.tn/max/2026/07/128705_max.jpeg?t=1785241562,238000,https://www.automobile.tn/fr/occasion/audi/a1/128705,32,33500,5 cv,Audi A1,Traction,
2021,Manuelle,,Prix équitable,Essence,Ben Arous,https://catalogue.automobile.tn/max/2026/07/128667_max.jpeg?t=1785155150,161000,https://www.automobile.tn/fr/occasion/volkswagen/golf-8/128667,32,84000,7 cv,Volkswagen Golf 8,Traction,
2023,Automatique,,Bon prix,Essence,Ben Arous,https://catalogue.automobile.tn/max/2026/07/128706_max.jpeg?t=1785241532,86000,https://www.automobile.tn/fr/occasion/mg/gt/128706,32,65000,9 cv,MG GT,Traction,
2026,Automatique,,Aucune évaluation,Hybride,Ben Arous,https://catalogue.automobile.tn/max/2026/07/128712_max.jpeg?t=1785245145,3000,https://www.automobile.tn/fr/occasion/audi/a5-berline/128712,31,199000,12 cv,Audi A5,Intégrale,
2016,Manuelle,,Aucune évaluation,Essence,Ben Arous,https://catalogue.automobile.tn/max/2026/08/128960_max.jpeg?t=1785871610,89000,https://www.automobile.tn/fr/occasion/smart/forfour/128960,31,26500,4 cv,Smart ForFour,Propulsion,
2023,Automatique,,Bon prix,Hybride,Ben Arous,https://catalogue.automobile.tn/max/2026/08/128967_max.jpeg?t=1785842776,64000,https://www.automobile.tn/fr/occasion/mercedes-benz/classe-c/128967,31,160000,9 cv,Mercedes-Benz Classe C,Propulsion,
2013,Automatique,,Aucune évaluation,Diesel,Ben Arous,https://catalogue.automobile.tn/max/2026/08/128977_max.jpeg?t=1785842741,443000,https://www.automobile.tn/fr/occasion/peugeot/308/128977,31,24000,5 cv,Peugeot 308,Traction,
2012,Automatique,,Prix très élevé,Essence,Ariana,https://catalogue.automobile.tn/max/2026/08/129015_max.jpeg?t=1785929144,257000,https://www.automobile.tn/fr/occasion/mercedes-benz/classe-c-coupe/129015,31,58900,9 cv,Mercedes-Benz Classe C coupé,Propulsion,
2014,Automatique,,Prix très élevé,Essence,Ben Arous,https://catalogue.automobile.tn/max/2026/08/129025_max.jpeg?t=1785950755,248000,https://www.automobile.tn/fr/occasion/renault/megane/129025,31,34000,7 cv,Renault Megane,Traction,
2010,Manuelle,,Bon prix,Essence,Ben Arous,https://catalogue.automobile.tn/max/2026/08/129029_max.jpeg?t=1787487110,229000,https://www.automobile.tn/fr/occasion/bmw/serie-3/129029,31,37000,7 cv,BMW Série 3,Traction,
2015,Automatique,,Prix équitable,Essence,Ben Arous,https://catalogue.automobile.tn/max/2026/08/129030_max.jpeg?t=1786880020,154000,https://www.automobile.tn/fr/occasion/bmw/serie-3/129030,31,60000,7 cv,BMW Série 3,Propulsion,
2022,Automatique,,Aucune évaluation,Hybride,Ariana,https://catalogue.automobile.tn/max/2026/08/129062_max.jpeg?t=1786099565,70000,https://www.automobile.tn/fr/occasion/mercedes-benz/classe-c/129062,31,120600,9 cv,Mercedes-Benz Classe C,Propulsion,
2021,Automatique,,Prix équitable,Essence,Ben Arous,https://catalogue.automobile.tn/max/2026/08/129117_max.jpeg?t=1786192013,126000,https://www.automobile.tn/fr/occasion/great-wall/jolion/129117,31,66000,9 cv,GWM Haval Jolion,Traction,
2026,Manuelle,,Prix équitable,Essence,Ben Arous,https://catalogue.automobile.tn/max/2026/08/129125_max.jpeg?t=1786195625,3000,https://www.automobile.tn/fr/occasion/dongfeng/shine/129125,30,63000,6 cv,Dongfeng Shine,Traction,
2021,Manuelle,,Aucune évaluation,Diesel,Ben Arous,https://catalogue.automobile.tn/max/2026/08/129213_max.jpeg?t=1786469225,275000,https://www.automobile.tn/fr/occasion/isuzu/d-max-dc/129213,30,90000,8 cv,Isuzu D-Max Double Cabine,Traction,
2023,Automatique,,Aucune évaluation,Hybride,Ben Arous,https://catalogue.automobile.tn/max/2026/08/129215_max.jpeg?t=1786469156,81000,https://www.automobile.tn/fr/occasion/audi/q5/129215,30,165000,16 cv,Audi Q5,Intégrale,
2018,Automatique,,Très bon prix,Essence,Ben Arous,https://catalogue.automobile.tn/max/2026/08/129216_max.jpeg?t=1786476368,99000,https://www.automobile.tn/fr/occasion/fiat/500x/129216,30,45000,7 cv,Fiat 500X,Traction,
2021,Manuelle,,Très bon prix,Essence,Ariana,https://catalogue.automobile.tn/max/2026/08/129237_max.jpeg?t=1786541223,79000,https://www.automobile.tn/fr/occasion/great-wall/m4/129237,30,37900,6 cv,GWM M4,Traction,
2022,Automatique,,Prix élevé,Hybride,Ben Arous,https://catalogue.automobile.tn/max/2026/08/129503_max.jpeg?t=1787243168,68000,https://www.automobile.tn/fr/occasion/volkswagen/tiguan/129503,30,145000,8 cv,Volkswagen Tiguan,Traction,
2021,Manuelle,,Très bon prix,Essence,Ben Arous,https://catalogue.automobile.tn/max/2026/08/129504_max.jpeg?t=1787243136,99000,https://www.automobile.tn/fr/occasion/alfa-romeo/giulietta/129504,30,43000,7 cv,Alfa Romeo Giulietta,Traction,
2017,Automatique,,Aucune évaluation,Essence,Ben Arous,https://catalogue.automobile.tn/max/2026/08/129521_max.jpeg?t=1787304330,352000,https://www.automobile.tn/fr/occasion/ssangyong/stavic/129521,30,70000,10 cv,Ssangyong Stavic,Traction,
2011,Manuelle,,Aucune évaluation,Essence,Ariana,https://catalogue.automobile.tn/max/2026/08/129523_max.jpeg?t=1787307936,133000,https://www.automobile.tn/fr/occasion/lancia/ypsilon/129523,30,27500,4 cv,Lancia Ypsilon,Traction,
2022,Automatique,,Aucune évaluation,Hybride,Ariana,https://catalogue.automobile.tn/max/2026/08/129533_max.jpeg?t=1787326016,105000,https://www.automobile.tn/fr/occasion/bmw/serie-5/129533,30,169500,10 cv,BMW Série 5,Propulsion,
2021,Automatique,,Prix équitable,Hybride,Ben Arous,https://catalogue.automobile.tn/max/2026/08/129558_max.jpeg?t=1787482107,84000,https://www.automobile.tn/fr/occasion/hyundai/tucson/129558,29,108000,8 cv,Hyundai Tucson,Intégrale,
2020,Automatique,,Très bon prix,Essence,Ben Arous,https://catalogue.automobile.tn/max/2026/08/129611_max.jpeg?t=1787581546,91000,https://www.automobile.tn/fr/occasion/chery/tiggo-4/129611,29,47000,9 cv,Chery Tiggo 4,Traction,
2008,Automatique,,Prix élevé,Essence,Ariana,https://catalogue.automobile.tn/max/2026/08/129683_max.jpeg?t=1787768735,288000,https://www.automobile.tn/fr/occasion/mercedes-benz/classe-c/129683,29,46900,11 cv,Mercedes-Benz Classe C,Propulsion,
2021,Automatique,,Bon prix,Essence,Ben Arous,https://catalogue.automobile.tn/max/2026/08/129736_max.jpeg?t=1787941548,80000,https://www.automobile.tn/fr/occasion/chery/tiggo-7/129736,29,66000,9 cv,Chery Tiggo 7 Pro,Traction,
2009,Manuelle,,Aucune évaluation,Essence,Ben Arous,https://catalogue.automobile.tn/max/2026/08/129737_max.jpeg?t=1787937988,222000,https://www.automobile.tn/fr/occasion/bmw/serie-3-coupe/129737,29,55000,14 cv,BMW Série 3 coupé,Traction,
2010,Manuelle,,Prix élevé,Essence,Ben Arous,https://catalogue.automobile.tn/max/2026/08/129738_max.jpeg?t=1787934389,266000,https://www.automobile.tn/fr/occasion/bmw/serie-3/129738,29,37000,7 cv,BMW Série 3,Traction,
2013,Manuelle,,Prix équitable,Essence,Ben Arous,https://catalogue.automobile.tn/max/2026/08/129739_max.jpeg?t=1787934360,216000,https://www.automobile.tn/fr/occasion/bmw/serie-1-5p/129739,29,43000,7 cv,BMW Série 1,Propulsion,
2020,Manuelle,,Prix équitable,Diesel,Ben Arous,https://catalogue.automobile.tn/max/2026/08/129740_max.jpeg?t=1787934330,199000,https://www.automobile.tn/fr/occasion/dacia/dokker-van/129740,29,32000,6 cv,Dacia Dokker Van,Traction,
2021,Automatique,,Très bon prix,Hybride,Ben Arous,https://catalogue.automobile.tn/max/2026/08/129741_max.jpeg?t=1787937960,68000,https://www.automobile.tn/fr/occasion/mercedes-benz/classe-e/129741,29,177000,12 cv,Mercedes-Benz Classe E,Intégrale,
2016,Manuelle,,Aucune évaluation,Essence,Ben Arous,https://catalogue.automobile.tn/max/2026/08/129755_max.jpeg?t=1787999138,377000,https://www.automobile.tn/fr/occasion/audi/a4/129755,28,53500,8 cv,Audi A4,Traction,
2010,Manuelle,,Prix équitable,Essence,Ben Arous,https://catalogue.automobile.tn/max/2026/08/129751_max.jpeg?t=1788006400,227000,https://www.automobile.tn/fr/occasion/volkswagen/golf-6/129751,29,37500,5 cv,Volkswagen Golf 6,Traction,
2019,Automatique,,Prix élevé,Essence,Tunis,https://catalogue.automobile.tn/max/2026/09/129866_max.jpeg?t=1788351931,63000,https://www.automobile.tn/fr/occasion/bmw/serie-4-gran-coupe/129866,28,115000,7 cv,BMW Série 4 Gran Coupé,Propulsion,
2017,Manuelle,,Très bon prix,Essence,Ariana,https://catalogue.automobile.tn/max/2026/08/129449_max.jpeg?t=1788351869,102000,https://www.automobile.tn/fr/occasion/wallyscar/iris/129449,28,28000,4 cv,Wallyscar Iris,Traction,
2023,Automatique,,Prix équitable,Essence,Tunis,https://catalogue.automobile.tn/max/2026/08/129070_max.jpeg?t=1788352539,30000,https://www.automobile.tn/fr/occasion/peugeot/2008/129070,28,73200,7 cv,Peugeot 2008,Traction,
2015,Automatique,,Très bon prix,Diesel,Nabeul,https://catalogue.automobile.tn/max/2026/07/128216_max.jpeg?t=1787348258,190000,https://www.automobile.tn/fr/occasion/bmw/x5/128216,28,97000,13 cv,BMW X5,Intégrale,
2021,Automatique,,Aucune évaluation,Diesel,Nabeul,https://catalogue.automobile.tn/max/2026/08/129023_max.jpeg?t=1787081120,113000,https://www.automobile.tn/fr/occasion/citroen/c3-aircross/129023,28,55000,6 cv,Citroën C3 Aircross,Traction,
2021,Automatique,,Prix très élevé,Essence,Tunis,https://catalogue.automobile.tn/max/2026/09/129837_max.jpeg?t=1788354290,120000,https://www.automobile.tn/fr/occasion/mg/5/129837,28,55000,7 cv,MG 5,Traction,
2017,Automatique,,Très bon prix,Essence,Ariana,https://catalogue.automobile.tn/max/2025/08/117335_max.jpeg?t=1786048330,87000,https://www.automobile.tn/fr/occasion/mercedes-benz/classe-c/117335,28,95000,8 cv,Mercedes-Benz Classe C,Propulsion,
2021,Automatique,,Prix équitable,Hybride,Sousse,https://catalogue.automobile.tn/max/2026/09/129868_max.jpeg?t=1788359174,54000,https://www.automobile.tn/fr/occasion/mercedes-benz/glc/129868,28,183000,10 cv,Mercedes-Benz GLC,Intégrale,
2019,Automatique,,Bon prix,Essence,Ben Arous,https://catalogue.automobile.tn/max/2026/08/128955_max.jpeg?t=1787081120,99000,https://www.automobile.tn/fr/occasion/honda/hr-v/128955,28,60000,7 cv,Honda HR-V,Traction,
2022,Automatique,,Prix élevé,Essence,Ariana,https://catalogue.automobile.tn/max/2026/08/129600_max.jpeg?t=1787540630,110000,https://www.automobile.tn/fr/occasion/soueast/dx7/129600,27,78000,9 cv,Soueast DX7,Traction,
2021,Automatique,,Très bon prix,Hybride,Gafsa,https://catalogue.automobile.tn/max/2026/08/129064_max.jpeg?t=1787655844,72000,https://www.automobile.tn/fr/occasion/audi/q5/129064,27,155000,16 cv,Audi Q5,Intégrale,
2021,Automatique,,Bon prix,Essence,Ariana,https://catalogue.automobile.tn/max/2026/09/129869_max.jpeg?t=1788375126,116000,https://www.automobile.tn/fr/occasion/seat/ateca/129869,27,89000,8 cv,Seat Ateca,Traction,
2016,Manuelle,,Prix équitable,Essence,Sousse,https://catalogue.automobile.tn/max/2026/08/129226_max.jpeg?t=1787746791,239000,https://www.automobile.tn/fr/occasion/mazda/2-sedan/129226,27,30500,6 cv,Mazda 2 Sedan,Traction,
2023,Automatique,,Aucune évaluation,Diesel,Ariana,https://catalogue.automobile.tn/max/2026/09/129871_max.jpeg?t=1788362779,44000,https://www.automobile.tn/fr/occasion/toyota/hilux-simple-cabine/129871,27,148000,11 cv,Toyota Hilux Simple Cabine,Intégrale,
2003,Manuelle,,Aucune évaluation,Diesel,Sfax,https://catalogue.automobile.tn/max/2025/03/112425_max.jpeg?t=1787041504,286000,https://www.automobile.tn/fr/occasion/renault/vel-satis/112425,27,18000,7 cv,Renault Velsatis,Traction,
2021,Manuelle,,Aucune évaluation,Diesel,Nabeul,https://catalogue.automobile.tn/max/2026/06/127689_max.jpeg?t=1786376647,155850,https://www.automobile.tn/fr/occasion/renault/kangoo/127689,27,65000,5 cv,Renault Kangoo,Traction,
2023,Manuelle,,Prix très élevé,Essence,Nabeul,https://catalogue.automobile.tn/max/2026/08/129096_max.jpeg?t=1786130729,90000,https://www.automobile.tn/fr/occasion/opel/corsa/129096,27,45000,5 cv,Opel Corsa,Traction,
2026,Manuelle,,Aucune évaluation,Essence,Nabeul,https://catalogue.automobile.tn/max/2026/07/128018_max.jpeg?t=1784807910,0,https://www.automobile.tn/fr/occasion/citroen/c3/128018,27,48000,4 cv,Citroën C3,Traction,
2015,Manuelle,,Prix équitable,Essence,Tunis,https://catalogue.automobile.tn/max/2026/09/129873_max.jpeg?t=1788375106,123000,https://www.automobile.tn/fr/occasion/mazda/2-sedan/129873,27,37000,6 cv,Mazda 2 Sedan,Traction,
2022,Manuelle,,Prix très élevé,Essence,Tunis,https://catalogue.automobile.tn/max/2026/05/126759_max.jpeg?t=1780342280,95000,https://www.automobile.tn/fr/occasion/volkswagen/polo/126759,26,56000,4 cv,Volkswagen Polo,Traction,
2023,Manuelle,,Prix élevé,Essence,Tunis,https://catalogue.automobile.tn/max/2026/07/128821_max.jpeg?t=1785486334,75000,https://www.automobile.tn/fr/occasion/kia/rio-5p/128821,26,58500,5 cv,KIA Rio 5p,Traction,
2018,Automatique,,Prix équitable,Essence,Ben Arous,https://catalogue.automobile.tn/max/2026/08/129701_max.jpeg?t=1788086331,162000,https://www.automobile.tn/fr/occasion/kia/sportage/129701,26,70000,8 cv,KIA Sportage,Traction,
